Temporada,Jugador,Destino,RTG,SVD (€M),Costo Real (€M),Desviación %,Clasificación
2017,Philippe Coutinho,Barcelona,91.6,108.8,135.0,-19.4,🟠 Ligero Sobreprecio
2017,Arturo Vidal,Barcelona,91.4,89.7,18.0,398.3,💎 Categoría B: Ineficiencia Explotada (Gema)
2017,Alexis Sánchez,Man Utd,90.8,110.1,34.0,223.8,💎 Categoría B: Ineficiencia Explotada (Gema)
2017,Rodri,Atlético,90.2,105.1,20.0,425.5,💎 Categoría B: Ineficiencia Explotada (Gema)
2017,Jorginho,Chelsea,89.4,93.1,57.0,63.3,💎 Categoría B: Ineficiencia Explotada (Gema)
2017,Felipe Anderson,West Ham,88.0,75.1,38.0,97.7,💎 Categoría B: Ineficiencia Explotada (Gema)
2017,Fabián Ruiz Peña,Napoli,87.9,83.9,30.0,179.7,💎 Categoría B: Ineficiencia Explotada (Gema)
2017,Andre-Frank Zambo Anguissa,Fulham,87.7,68.3,24.9,174.8,💎 Categoría B: Ineficiencia Explotada (Gema)
2017,Lucas Torreira,Arsenal,87.4,86.4,28.6,201.5,💎 Categoría B: Ineficiencia Explotada (Gema)
2017,João Cancelo,Juventus,87.1,69.8,40.4,72.8,💎 Categoría B: Ineficiencia Explotada (Gema)
2017,Douglas Costa,Juventus,86.6,75.3,40.0,88.2,💎 Categoría B: Ineficiencia Explotada (Gema)
2017,Jonathan Viera,BJ Guoan,85.5,71.7,11.0,552.1,💎 Categoría B: Ineficiencia Explotada (Gema)
2017,Fabinho,Liverpool,85.4,63.1,45.0,40.3,💎 Categoría B: Ineficiencia Explotada (Gema)
2017,Kylian Mbappé,PSG,85.4,61.3,180.0,-66.0,🔴 Categoría C: Riesgo de Sobreprecio (Burbuja)
2017,Marc Bartra,Real Betis,84.5,54.6,10.5,420.1,💎 Categoría B: Ineficiencia Explotada (Gema)
2017,Geoffrey Kondogbia,Valencia,84.4,65.6,22.0,198.1,💎 Categoría B: Ineficiencia Explotada (Gema)
2017,Cristiano Ronaldo,Juventus,84.1,67.7,117.0,-42.2,🔴 Categoría C: Riesgo de Sobreprecio (Burbuja)
2017,Yves Bissouma,Brighton,84.1,47.1,16.8,180.5,💎 Categoría B: Ineficiencia Explotada (Gema)
2017,Salif Sané,FC Schalke 04,83.7,63.3,7.0,804.0,💎 Categoría B: Ineficiencia Explotada (Gema)
2017,Guido Pizarro,Tigres UANL,83.6,55.1,8.7,533.2,💎 Categoría B: Ineficiencia Explotada (Gema)
2017,Tanguy Ndombele,Lyon,82.9,48.2,8.0,502.4,💎 Categoría B: Ineficiencia Explotada (Gema)
2017,Virgil van Dijk,Liverpool,82.5,53.2,84.7,-37.2,🟠 Ligero Sobreprecio
2017,Rémy Cabella,Saint-Étienne,82.4,50.7,6.0,745.3,💎 Categoría B: Ineficiencia Explotada (Gema)
2017,Nuri Şahin,Werder Bremen,82.2,45.7,1.0,4473.0,💎 Categoría B: Ineficiencia Explotada (Gema)
2017,Adam Masina,Watford,82.1,55.8,5.0,1015.4,💎 Categoría B: Ineficiencia Explotada (Gema)
2017,Naby Keïta,Liverpool,82.1,50.7,60.0,-15.5,🟠 Ligero Sobreprecio
2017,João Moutinho,Wolves,81.2,45.3,5.6,709.3,💎 Categoría B: Ineficiencia Explotada (Gema)
2017,Jonny Castro,Atlético,79.7,48.9,7.0,599.0,💎 Categoría B: Ineficiencia Explotada (Gema)
2017,Malcom,Barcelona,79.3,43.6,41.0,6.3,🟢 Categoría A: Tasación de Precisión
2017,Sokratis Papastathopoulos,Arsenal,79.3,42.9,16.0,168.1,💎 Categoría B: Ineficiencia Explotada (Gema)
2017,Mathieu Dossevi,Toulouse,79.0,40.6,2.5,1524.0,💎 Categoría B: Ineficiencia Explotada (Gema)
2017,Mathieu Dossevi,FC Metz,79.0,40.6,3.0,1253.3,💎 Categoría B: Ineficiencia Explotada (Gema)
2017,Mitchell Weiser,Leverkusen,79.0,39.5,12.0,229.0,💎 Categoría B: Ineficiencia Explotada (Gema)
2017,Kévin Malcuit,Napoli,78.6,31.9,12.0,165.4,💎 Categoría B: Ineficiencia Explotada (Gema)
2017,Federico Viviani,SPAL,78.3,41.1,3.3,1145.8,💎 Categoría B: Ineficiencia Explotada (Gema)
2017,Jeison Murillo,Valencia,78.2,34.1,12.0,184.0,💎 Categoría B: Ineficiencia Explotada (Gema)
2017,Steven Nzonzi,Roma,78.2,39.2,26.6,47.2,💎 Categoría B: Ineficiencia Explotada (Gema)
2017,Emre Çolak,Al-Wehda,78.0,38.1,1.0,3707.0,💎 Categoría B: Ineficiencia Explotada (Gema)
2017,Maxime Le Marchand,Fulham,77.8,33.0,4.0,725.2,💎 Categoría B: Ineficiencia Explotada (Gema)
2017,Diego Rico,Bournemouth,77.6,36.9,15.0,145.7,💎 Categoría B: Ineficiencia Explotada (Gema)
2017,Naïm Sliti,Dijon,77.2,34.2,2.0,1612.5,💎 Categoría B: Ineficiencia Explotada (Gema)
2017,Martín Montoya,Brighton,76.9,34.5,7.0,393.0,💎 Categoría B: Ineficiencia Explotada (Gema)
2017,Javier Pastore,Roma,76.8,29.2,24.7,18.1,🔵 Negocio Favorable (Leve Gema)
2017,Pierre-Emerick Aubameyang,Arsenal,76.8,37.5,63.8,-41.1,🔴 Categoría C: Riesgo de Sobreprecio (Burbuja)
2017,Riyad Mahrez,Man City,76.6,48.2,67.8,-28.9,🟠 Ligero Sobreprecio
2017,Benjamin Henrichs,Monaco,76.6,29.6,20.0,47.8,💎 Categoría B: Ineficiencia Explotada (Gema)
2017,Naldo,Juventus,76.5,33.9,117.0,-71.1,🔴 Categoría C: Riesgo de Sobreprecio (Burbuja)
2017,Jordan Amavi,Marseille,76.5,28.5,10.0,184.9,💎 Categoría B: Ineficiencia Explotada (Gema)
2017,Sebastian Rudy,FC Schalke 04,76.2,30.3,16.0,89.6,💎 Categoría B: Ineficiencia Explotada (Gema)
2017,Germán Pezzella,Fiorentina,75.8,35.1,9.8,260.5,💎 Categoría B: Ineficiencia Explotada (Gema)
2017,Lucas Castro,Cagliari,75.4,30.6,5.9,419.5,💎 Categoría B: Ineficiencia Explotada (Gema)
2017,Ibrahim Amadou,Sevilla FC,75.3,27.4,14.4,90.1,💎 Categoría B: Ineficiencia Explotada (Gema)
2017,Riccardo Saponara,Fiorentina,75.2,20.0,9.0,121.9,💎 Categoría B: Ineficiencia Explotada (Gema)
2017,Henrikh Mkhitaryan,Arsenal,75.1,22.7,34.0,-33.4,🟠 Ligero Sobreprecio
2017,Mikel Merino,Real Sociedad,74.7,30.4,12.0,153.0,💎 Categoría B: Ineficiencia Explotada (Gema)
2017,Mikel Merino,Newcastle,74.7,30.4,7.0,333.7,💎 Categoría B: Ineficiencia Explotada (Gema)
2017,Aymeric Laporte,Man City,74.6,27.1,65.0,-58.3,🔴 Categoría C: Riesgo de Sobreprecio (Burbuja)
2017,Arnaud Souquet,KAA Gent,74.6,25.2,3.0,741.3,💎 Categoría B: Ineficiencia Explotada (Gema)
2017,Jannik Vestergaard,Southampton,74.4,31.2,25.0,25.0,🔵 Negocio Favorable (Leve Gema)
2017,Rafael,Lille,74.1,22.5,20.2,11.3,🟢 Categoría A: Tasación de Precisión
2017,Gonçalo Guedes,Valencia,73.9,31.7,40.0,-20.8,🟠 Ligero Sobreprecio
2017,Jefferson Lerma,Bournemouth,73.4,26.7,30.5,-12.6,🟢 Categoría A: Tasación de Precisión
2017,Sergi Gómez,Sevilla FC,73.4,28.1,5.5,410.2,💎 Categoría B: Ineficiencia Explotada (Gema)
2017,Davide Santon,Roma,73.4,15.3,9.5,61.4,💎 Categoría B: Ineficiencia Explotada (Gema)
2017,Silvan Widmer,Basel,73.3,24.1,4.5,434.9,💎 Categoría B: Ineficiencia Explotada (Gema)
2017,Bartosz Salamon,SPAL,73.3,24.3,2.0,1114.5,💎 Categoría B: Ineficiencia Explotada (Gema)
2017,Charles Traore,FC Nantes,73.2,24.4,0.5,4790.0,💎 Categoría B: Ineficiencia Explotada (Gema)
2017,Andriy Yarmolenko,West Ham,73.2,24.5,20.0,22.4,🔵 Negocio Favorable (Leve Gema)
2018,Julian Brandt,Dortmund,91.0,113.6,25.0,354.4,💎 Categoría B: Ineficiencia Explotada (Gema)
2018,Téji Savanier,Montpellier,90.0,84.4,9.5,788.6,💎 Categoría B: Ineficiencia Explotada (Gema)
2018,Kerem Demirbay,Leverkusen,89.1,92.1,32.0,187.8,💎 Categoría B: Ineficiencia Explotada (Gema)
2018,Pablo Sarabia,PSG,89.0,100.5,18.0,458.5,💎 Categoría B: Ineficiencia Explotada (Gema)
2018,Allan,Salzburg,88.3,85.7,8.0,971.7,💎 Categoría B: Ineficiencia Explotada (Gema)
2018,Rodri,Man City,87.9,84.8,70.0,21.1,🔵 Negocio Favorable (Leve Gema)
2018,Mats Hummels,Dortmund,87.4,70.4,30.5,131.0,💎 Categoría B: Ineficiencia Explotada (Gema)
2018,Sébastien Haller,West Ham,86.4,78.5,50.0,57.0,💎 Categoría B: Ineficiencia Explotada (Gema)
2018,Kieran Trippier,Atlético,86.4,81.4,22.0,270.1,💎 Categoría B: Ineficiencia Explotada (Gema)
2018,Rubén Peña,Villarreal,86.3,73.7,8.0,821.6,💎 Categoría B: Ineficiencia Explotada (Gema)
2018,Eden Hazard,Real Madrid,86.1,97.3,120.8,-19.5,🟠 Ligero Sobreprecio
2018,Ismaël Bennacer,AC Milan,86.0,76.7,17.2,346.0,💎 Categoría B: Ineficiencia Explotada (Gema)
2018,Nabil Fekir,Real Betis,85.8,62.0,19.8,213.7,💎 Categoría B: Ineficiencia Explotada (Gema)
2018,Tanguy Ndombele,Tottenham,85.3,59.8,62.0,-3.5,🟢 Categoría A: Tasación de Precisión
2018,Thiago Mendes,Lyon,84.7,60.3,22.0,174.0,💎 Categoría B: Ineficiencia Explotada (Gema)
2018,João Cancelo,Man City,83.2,54.1,65.0,-16.8,🟠 Ligero Sobreprecio
2018,Harry Maguire,Man Utd,82.5,64.4,87.0,-26.0,🟠 Ligero Sobreprecio
2018,Erick Pulgar,Fiorentina,82.1,53.8,12.3,337.6,💎 Categoría B: Ineficiencia Explotada (Gema)
2018,William,Arsenal,82.1,54.9,30.0,83.1,💎 Categoría B: Ineficiencia Explotada (Gema)
2018,Idrissa Gana Gueye,PSG,81.8,64.0,30.0,113.3,💎 Categoría B: Ineficiencia Explotada (Gema)
2018,Leandro Paredes,PSG,81.7,37.7,40.0,-5.8,🟢 Categoría A: Tasación de Precisión
2018,Benjamin André,Lille,81.4,44.2,7.0,531.9,💎 Categoría B: Ineficiencia Explotada (Gema)
2018,Ramy Bensebaini,Mönchengladbach,81.3,41.0,8.0,412.4,💎 Categoría B: Ineficiencia Explotada (Gema)
2018,Manuel Locatelli,Sassuolo,81.3,47.1,14.0,236.3,💎 Categoría B: Ineficiencia Explotada (Gema)
2018,Luka Jović,Real Madrid,80.9,53.3,63.0,-15.4,🟠 Ligero Sobreprecio
2018,Luka Jović,Frankfurt,80.9,53.3,22.3,138.5,💎 Categoría B: Ineficiencia Explotada (Gema)
2018,Sanjin Prcić,R. Strasbourg,80.9,34.4,1.0,3337.0,💎 Categoría B: Ineficiencia Explotada (Gema)
2018,Naïm Sliti,Al-Ettifaq,80.5,44.1,5.0,783.0,💎 Categoría B: Ineficiencia Explotada (Gema)
2018,Nicolas Pépé,Arsenal,80.2,49.4,80.0,-38.3,🟠 Ligero Sobreprecio
2018,Wissam Ben Yedder,Monaco,80.1,54.1,40.0,35.3,💎 Categoría B: Ineficiencia Explotada (Gema)
2018,Ellyes Skhiri,1.FC Köln,80.0,42.7,6.0,611.7,💎 Categoría B: Ineficiencia Explotada (Gema)
2018,Thorgan Hazard,Dortmund,79.6,52.5,25.5,106.0,💎 Categoría B: Ineficiencia Explotada (Gema)
2018,Marek Hamšík,DL Yifang,79.3,24.9,20.0,24.8,🔵 Negocio Favorable (Leve Gema)
2018,Youssouf Koné,Lyon,79.3,33.2,9.0,269.4,💎 Categoría B: Ineficiencia Explotada (Gema)
2018,Jonas Martin,Stade Rennais,78.3,33.0,4.0,725.5,💎 Categoría B: Ineficiencia Explotada (Gema)
2018,Flavien Tait,Stade Rennais,78.1,40.1,9.0,346.1,💎 Categoría B: Ineficiencia Explotada (Gema)
2018,Olivier Boscagli,PSV,77.8,18.5,2.0,826.5,💎 Categoría B: Ineficiencia Explotada (Gema)
2018,Alex Iwobi,Everton,77.3,44.9,30.4,47.6,💎 Categoría B: Ineficiencia Explotada (Gema)
2018,Valentin Rongier,Marseille,77.3,35.4,13.0,172.1,💎 Categoría B: Ineficiencia Explotada (Gema)
2018,Roberto Rosales,CD Leganés,77.2,33.4,1.2,2679.2,💎 Categoría B: Ineficiencia Explotada (Gema)
2018,Nico Schulz,Dortmund,77.1,36.9,25.5,44.8,💎 Categoría B: Ineficiencia Explotada (Gema)
2018,Danilo,Juventus,77.0,23.4,37.0,-36.6,🟠 Ligero Sobreprecio
2018,Philip Billing,Bournemouth,76.9,40.8,16.5,147.3,💎 Categoría B: Ineficiencia Explotada (Gema)
2018,Valentin Rosier,Sporting,76.9,27.1,5.0,441.8,💎 Categoría B: Ineficiencia Explotada (Gema)
2018,Aaron Wan-Bissaka,Man Utd,76.7,44.4,55.0,-19.3,🟠 Ligero Sobreprecio
2018,Quincy Promes,Ajax,76.4,30.6,15.7,94.6,💎 Categoría B: Ineficiencia Explotada (Gema)
2018,Paco Alcácer,Dortmund,75.9,31.3,21.0,49.0,💎 Categoría B: Ineficiencia Explotada (Gema)
2018,Cesc Fàbregas,Monaco,75.6,15.9,9.0,76.7,💎 Categoría B: Ineficiencia Explotada (Gema)
2018,José Ángel,Man City,75.5,34.7,12.0,189.1,💎 Categoría B: Ineficiencia Explotada (Gema)
2018,Ruben Aguilar,Monaco,75.3,27.2,8.0,240.5,💎 Categoría B: Ineficiencia Explotada (Gema)
2018,Walace,Udinese,75.2,30.2,6.0,404.0,💎 Categoría B: Ineficiencia Explotada (Gema)
2018,Joan Jordán,Sevilla FC,75.2,34.0,14.0,142.6,💎 Categoría B: Ineficiencia Explotada (Gema)
2018,Marc Muniesa,Al-Arabi SC,74.8,26.8,1.2,2134.2,💎 Categoría B: Ineficiencia Explotada (Gema)
2018,Alexis Blin,Amiens SC,74.8,24.8,1.6,1400.6,💎 Categoría B: Ineficiencia Explotada (Gema)
2018,Filip Bradarić,Cagliari,74.4,26.4,5.9,346.9,💎 Categoría B: Ineficiencia Explotada (Gema)
2018,Miha Zajc,Fenerbahçe,73.9,26.3,3.5,651.4,💎 Categoría B: Ineficiencia Explotada (Gema)
2018,Luiz Gustavo,Fenerbahçe,73.7,24.0,6.0,300.3,💎 Categoría B: Ineficiencia Explotada (Gema)
2018,Dennis Praet,Leicester,73.5,29.5,19.2,53.4,💎 Categoría B: Ineficiencia Explotada (Gema)
2018,Sebastian Rode,Frankfurt,73.4,15.7,4.0,292.0,💎 Categoría B: Ineficiencia Explotada (Gema)
2018,Vincenzo Grifo,Freiburg,73.2,26.0,7.0,271.7,💎 Categoría B: Ineficiencia Explotada (Gema)
2018,Lukas Lerager,Genoa,72.9,19.1,6.0,219.2,💎 Categoría B: Ineficiencia Explotada (Gema)
2018,Ivan Radovanović,Genoa,72.4,23.0,5.0,360.6,💎 Categoría B: Ineficiencia Explotada (Gema)
2018,Alexander Djiku,R. Strasbourg,72.2,21.7,4.5,383.1,💎 Categoría B: Ineficiencia Explotada (Gema)
2018,Mehdi Léris,Sampdoria,72.2,22.2,3.1,617.7,💎 Categoría B: Ineficiencia Explotada (Gema)
2018,Bryan Cristante,Roma,72.1,24.9,30.6,-18.6,🟠 Ligero Sobreprecio
2018,Youri Tielemans,Leicester,72.0,18.8,45.0,-58.2,🔴 Categoría C: Riesgo de Sobreprecio (Burbuja)
2018,David Luiz,Arsenal,71.9,30.4,8.7,249.5,💎 Categoría B: Ineficiencia Explotada (Gema)
2018,Antoine Griezmann,Barcelona,71.4,28.3,120.0,-76.4,🔴 Categoría C: Riesgo de Sobreprecio (Burbuja)
2019,Luis Alberto,Atlético,92.9,136.0,9.0,1411.6,💎 Categoría B: Ineficiencia Explotada (Gema)
2019,Thiago Alcántara,Liverpool,92.3,99.6,22.0,352.7,💎 Categoría B: Ineficiencia Explotada (Gema)
2019,Miralem Pjanić,Barcelona,90.7,96.8,60.0,61.3,💎 Categoría B: Ineficiencia Explotada (Gema)
2019,Fernando Marçal,Wolves,89.2,42.0,2.0,1997.5,💎 Categoría B: Ineficiencia Explotada (Gema)
2019,Dale Stephens,Burnley,88.8,101.3,1.1,9105.5,💎 Categoría B: Ineficiencia Explotada (Gema)
2019,Thomas Partey,Arsenal,88.2,84.3,50.0,68.6,💎 Categoría B: Ineficiencia Explotada (Gema)
2019,Ibrahim Sangaré,PSV,87.1,63.6,7.0,808.9,💎 Categoría B: Ineficiencia Explotada (Gema)
2019,Timo Werner,Chelsea,86.3,84.0,53.0,58.4,💎 Categoría B: Ineficiencia Explotada (Gema)
2019,Rafinha,PSG,85.2,64.8,1.5,4217.3,💎 Categoría B: Ineficiencia Explotada (Gema)
2019,Geoffrey Kondogbia,Atlético,84.8,60.2,16.0,276.1,💎 Categoría B: Ineficiencia Explotada (Gema)
2019,Duván Zapata,Atalanta,84.1,65.0,12.0,441.4,💎 Categoría B: Ineficiencia Explotada (Gema)
2019,Hassane Kamara,Nice,83.8,46.0,4.0,1050.8,💎 Categoría B: Ineficiencia Explotada (Gema)
2019,Daniel Parejo,Villarreal,83.5,64.8,2.2,2778.2,💎 Categoría B: Ineficiencia Explotada (Gema)
2019,Arturo Vidal,Inter,82.9,51.6,1.0,5058.0,💎 Categoría B: Ineficiencia Explotada (Gema)
2019,Joaquín,Sevilla FC,82.6,53.0,21.7,144.3,💎 Categoría B: Ineficiencia Explotada (Gema)
2019,Luis Suárez,Atlético,81.8,54.9,9.0,510.4,💎 Categoría B: Ineficiencia Explotada (Gema)
2019,Diego Demme,Napoli,81.4,43.3,10.2,322.0,💎 Categoría B: Ineficiencia Explotada (Gema)
2019,Baptiste Santamaria,Freiburg,81.4,44.2,10.0,342.1,💎 Categoría B: Ineficiencia Explotada (Gema)
2019,Achraf Hakimi,Inter,81.3,53.1,43.0,23.4,🔵 Negocio Favorable (Leve Gema)
2019,Allan,Dortmund,81.3,43.2,20.0,116.3,💎 Categoría B: Ineficiencia Explotada (Gema)
2019,Lucas Tousart,Hertha BSC,80.2,36.4,25.0,45.6,💎 Categoría B: Ineficiencia Explotada (Gema)
2019,Kai Havertz,Chelsea,79.7,50.1,100.0,-49.9,🔴 Categoría C: Riesgo de Sobreprecio (Burbuja)
2019,Kenny Tete,Fulham,79.2,29.8,3.2,831.9,💎 Categoría B: Ineficiencia Explotada (Gema)
2019,Kévin N'Doram,FC Metz,77.9,30.2,4.5,571.3,💎 Categoría B: Ineficiencia Explotada (Gema)
2019,Suso,Sevilla FC,77.8,37.0,21.7,70.3,💎 Categoría B: Ineficiencia Explotada (Gema)
2019,Stefan Ilsanker,Frankfurt,77.7,21.9,0.5,4290.0,💎 Categoría B: Ineficiencia Explotada (Gema)
2019,Ante Rebić,AC Milan,77.0,35.1,6.7,424.3,💎 Categoría B: Ineficiencia Explotada (Gema)
2019,Gastón Brugman,Parma,77.0,32.0,2.5,1155.3,💎 Categoría B: Ineficiencia Explotada (Gema)
2019,Morgan Schneiderlin,Nice,76.5,33.2,2.2,1387.9,💎 Categoría B: Ineficiencia Explotada (Gema)
2019,Ibrahima Diallo,Southampton,76.4,26.5,12.0,120.5,💎 Categoría B: Ineficiencia Explotada (Gema)
2019,Dejan Kulusevski,Juventus,75.9,39.7,39.0,1.7,🟢 Categoría A: Tasación de Precisión
2019,André Silva,Frankfurt,75.9,33.0,3.0,998.7,💎 Categoría B: Ineficiencia Explotada (Gema)
2019,Chris Smalling,Roma,75.4,32.5,15.0,117.0,💎 Categoría B: Ineficiencia Explotada (Gema)
2019,Emre Can,Dortmund,75.2,18.1,25.0,-27.5,🟠 Ligero Sobreprecio
2019,Bruno Fernandes,Man Utd,75.1,33.4,65.0,-48.6,🔴 Categoría C: Riesgo de Sobreprecio (Burbuja)
2019,Gianluca Mancini,Roma,75.0,32.7,24.0,36.2,💎 Categoría B: Ineficiencia Explotada (Gema)
2019,Milan Badelj,Genoa,74.9,27.6,1.9,1316.9,💎 Categoría B: Ineficiencia Explotada (Gema)
2019,Marc Roca,Bayern Munich,74.7,33.1,9.0,268.3,💎 Categoría B: Ineficiencia Explotada (Gema)
2019,Jacopo Petriccione,Crotone,74.6,29.4,1.5,1860.7,💎 Categoría B: Ineficiencia Explotada (Gema)
2019,Francis Coquelin,Villarreal,74.6,28.4,7.1,299.3,💎 Categoría B: Ineficiencia Explotada (Gema)
2019,Ridle Baku,Wolfsburg,74.4,29.6,10.0,195.7,💎 Categoría B: Ineficiencia Explotada (Gema)
2019,Nayef Aguerd,Stade Rennais,74.3,14.1,4.0,251.3,💎 Categoría B: Ineficiencia Explotada (Gema)
2019,Giovani Lo Celso,Tottenham,74.1,29.5,32.0,-7.8,🟢 Categoría A: Tasación de Precisión
2019,Erling Haaland,Dortmund,73.8,25.8,20.0,29.2,🔵 Negocio Favorable (Leve Gema)
2019,Aurélien Tchouaméni,Monaco,73.8,20.0,18.0,11.0,🟢 Categoría A: Tasación de Precisión
2019,Mauro Icardi,PSG,73.6,22.3,50.0,-55.4,🔴 Categoría C: Riesgo de Sobreprecio (Burbuja)
2019,Nicolás Otamendi,Benfica,73.6,28.6,15.0,90.8,💎 Categoría B: Ineficiencia Explotada (Gema)
2019,Raphinha,Leeds,73.4,23.4,18.6,25.9,🔵 Negocio Favorable (Leve Gema)
2019,Jordan Veretout,Roma,73.3,28.2,17.5,60.9,💎 Categoría B: Ineficiencia Explotada (Gema)
2019,Patrik Schick,Leverkusen,73.0,25.1,26.5,-5.2,🟢 Categoría A: Tasación de Precisión
2019,Gabriel Dos Santos,Arsenal,73.0,21.3,26.0,-18.1,🟠 Ligero Sobreprecio
2019,Sergio Reguilón,Tottenham,72.9,26.4,30.0,-12.1,🟢 Categoría A: Tasación de Precisión
2019,Marko Rog,Cagliari,72.9,26.1,15.0,73.7,💎 Categoría B: Ineficiencia Explotada (Gema)
2019,Jhon Córdoba,Hertha BSC,72.8,27.3,15.0,82.3,💎 Categoría B: Ineficiencia Explotada (Gema)
2019,Ivan Rakitić,Sevilla FC,72.3,22.4,3.5,541.4,💎 Categoría B: Ineficiencia Explotada (Gema)
2019,Pervis Estupiñán,Villarreal,72.1,26.2,16.4,59.6,💎 Categoría B: Ineficiencia Explotada (Gema)
2019,Hernani,Parma,72.0,24.6,6.5,280.5,💎 Categoría B: Ineficiencia Explotada (Gema)
2019,Zouhair Feddal,Sporting,72.0,20.9,4.2,397.1,💎 Categoría B: Ineficiencia Explotada (Gema)
2019,Nicolò Barella,Inter,71.9,23.1,32.5,-28.8,🟠 Ligero Sobreprecio
2019,Matt Doherty,Tottenham,71.5,28.5,16.8,69.9,💎 Categoría B: Ineficiencia Explotada (Gema)
2019,Maxime Gonalons,Granada CF,71.4,20.5,4.0,412.0,💎 Categoría B: Ineficiencia Explotada (Gema)
2019,Mario Pašalić,Atalanta,71.3,23.3,14.5,60.4,💎 Categoría B: Ineficiencia Explotada (Gema)
2019,Ben Chilwell,Chelsea,71.3,25.9,50.2,-48.4,🔴 Categoría C: Riesgo de Sobreprecio (Burbuja)
2019,Karol Linetty,Torino,70.3,20.1,7.5,168.7,💎 Categoría B: Ineficiencia Explotada (Gema)
2019,Jemerson,Corinthians,70.3,14.8,0.7,2079.4,💎 Categoría B: Ineficiencia Explotada (Gema)
2019,Edmond Tapsoba,Leverkusen,70.2,16.9,20.2,-16.2,🟠 Ligero Sobreprecio
2019,Aleksandar Kolarov,Inter,70.1,21.4,1.5,1324.0,💎 Categoría B: Ineficiencia Explotada (Gema)
2019,Kevin Volland,Monaco,69.5,20.9,11.0,89.7,💎 Categoría B: Ineficiencia Explotada (Gema)
2020,Jadon Sancho,Man Utd,93.2,121.7,85.0,43.1,💎 Categoría B: Ineficiencia Explotada (Gema)
2020,Jack Grealish,Man City,91.8,129.8,117.5,10.4,🟢 Categoría A: Tasación de Precisión
2020,Boubakary Soumaré,Leicester,90.5,76.8,20.0,284.1,💎 Categoría B: Ineficiencia Explotada (Gema)
2020,Rodrigo De Paul,Atlético,88.6,103.9,35.0,196.9,💎 Categoría B: Ineficiencia Explotada (Gema)
2020,Romelu Lukaku,Chelsea,87.6,93.5,113.0,-17.3,🟠 Ligero Sobreprecio
2020,Loïc Bade,Stade Rennais,87.6,68.2,17.0,301.3,💎 Categoría B: Ineficiencia Explotada (Gema)
2020,Wendell,Porto,86.1,61.5,4.3,1329.8,💎 Categoría B: Ineficiencia Explotada (Gema)
2020,Yacine Adli,AC Milan,82.6,47.5,9.0,428.0,💎 Categoría B: Ineficiencia Explotada (Gema)
2020,Dayot Upamecano,Bayern Munich,82.5,53.9,42.5,26.7,🔵 Negocio Favorable (Leve Gema)
2020,Pape Matar Sarr,Tottenham,81.3,38.7,16.9,129.0,💎 Categoría B: Ineficiencia Explotada (Gema)
2020,Maxwel Cornet,Burnley,80.9,41.5,15.0,176.4,💎 Categoría B: Ineficiencia Explotada (Gema)
2020,Andy Delort,Nice,80.4,45.0,10.0,349.8,💎 Categoría B: Ineficiencia Explotada (Gema)
2020,André Silva,Leipzig,79.8,52.2,23.0,127.2,💎 Categoría B: Ineficiencia Explotada (Gema)
2020,Angeliño,Leipzig,79.7,42.8,18.0,137.7,💎 Categoría B: Ineficiencia Explotada (Gema)
2020,James Rodríguez,Al-Rayyan,79.4,51.2,8.0,539.6,💎 Categoría B: Ineficiencia Explotada (Gema)
2020,Antonio Candreva,Sampdoria,79.2,48.5,2.5,1839.2,💎 Categoría B: Ineficiencia Explotada (Gema)
2020,Cristiano Ronaldo,Man Utd,78.8,44.1,17.0,159.5,💎 Categoría B: Ineficiencia Explotada (Gema)
2020,Danilo Pereira,PSG,78.7,31.1,16.0,94.1,💎 Categoría B: Ineficiencia Explotada (Gema)
2020,Nicolò Rovella,Juventus,78.4,34.4,26.0,32.5,💎 Categoría B: Ineficiencia Explotada (Gema)
2020,Leon Bailey,Aston Villa,78.3,43.0,32.0,34.4,💎 Categoría B: Ineficiencia Explotada (Gema)
2020,Kurt Zouma,West Ham,78.1,42.7,35.0,22.0,🔵 Negocio Favorable (Leve Gema)
2020,Pierre Lees-Melou,Norwich,78.0,32.3,3.9,728.5,💎 Categoría B: Ineficiencia Explotada (Gema)
2020,Sacha Boey,Galatasaray,78.0,30.7,5.7,443.4,💎 Categoría B: Ineficiencia Explotada (Gema)
2020,Roger Ibanez,Roma,77.9,38.6,11.8,227.0,💎 Categoría B: Ineficiencia Explotada (Gema)
2020,Thomas Delaney,Sevilla FC,76.7,30.6,6.0,410.2,💎 Categoría B: Ineficiencia Explotada (Gema)
2020,Joachim Andersen,Crystal Palace,76.5,41.4,17.5,136.7,💎 Categoría B: Ineficiencia Explotada (Gema)
2020,Eduardo Camavinga,Real Madrid,76.4,29.8,31.0,-3.9,🟢 Categoría A: Tasación de Precisión
2020,Hiroki Sakai,Urawa Reds,76.4,29.1,1.5,1840.7,💎 Categoría B: Ineficiencia Explotada (Gema)
2020,Lilian Brassier,Stade Brestois,75.9,16.0,1.8,812.6,💎 Categoría B: Ineficiencia Explotada (Gema)
2020,Marcel Sabitzer,Bayern Munich,75.6,31.2,15.0,108.1,💎 Categoría B: Ineficiencia Explotada (Gema)
2020,Jannik Vestergaard,Leicester,74.6,35.0,17.6,99.0,💎 Categoría B: Ineficiencia Explotada (Gema)
2020,Cristian Romero,Atalanta,74.5,30.1,17.0,77.2,💎 Categoría B: Ineficiencia Explotada (Gema)
2020,Jean-Clair Todibo,Nice,74.2,21.1,16.5,27.6,🔵 Negocio Favorable (Leve Gema)
2020,Léo Sena,Spezia Calcio,74.1,16.6,1.2,1224.0,💎 Categoría B: Ineficiencia Explotada (Gema)
2020,Mario Lemina,Nice,74.1,30.4,5.5,452.5,💎 Categoría B: Ineficiencia Explotada (Gema)
2020,Iván Marcone,Elche CF,74.0,29.9,4.0,646.8,💎 Categoría B: Ineficiencia Explotada (Gema)
2020,Yvan Neyou,Saint-Étienne,73.6,24.0,1.0,2296.0,💎 Categoría B: Ineficiencia Explotada (Gema)
2020,Raphaël Varane,Man Utd,72.8,26.7,40.0,-33.1,🟠 Ligero Sobreprecio
2020,Robert Andrich,Leverkusen,72.8,26.6,6.5,308.6,💎 Categoría B: Ineficiencia Explotada (Gema)
2020,Matteo Politano,Napoli,72.4,26.0,22.1,17.6,🔵 Negocio Favorable (Leve Gema)
2020,Mitchel Bakker,Leverkusen,72.3,18.9,7.0,170.6,💎 Categoría B: Ineficiencia Explotada (Gema)
2020,Baptiste Santamaria,Stade Rennais,72.0,23.9,14.0,71.1,💎 Categoría B: Ineficiencia Explotada (Gema)
2020,Juan Foyth,Villarreal,72.0,20.4,15.0,36.3,💎 Categoría B: Ineficiencia Explotada (Gema)
2020,Lyanco,Southampton,71.7,22.1,7.5,194.7,💎 Categoría B: Ineficiencia Explotada (Gema)
2020,Mehdi Abeid,Al-Nasr,71.6,17.3,1.5,1052.0,💎 Categoría B: Ineficiencia Explotada (Gema)
2020,Andrés Cubas,Vancouver,71.4,19.4,2.7,611.0,💎 Categoría B: Ineficiencia Explotada (Gema)
2020,Sandro Tonali,AC Milan,71.4,20.0,14.3,40.0,💎 Categoría B: Ineficiencia Explotada (Gema)
2020,Imran Louza,Watford,70.8,18.8,10.0,87.7,💎 Categoría B: Ineficiencia Explotada (Gema)
2020,Birger Meling,Stade Rennais,70.7,18.1,3.0,503.3,💎 Categoría B: Ineficiencia Explotada (Gema)
2020,Pasquale Schiattarella,Parma,70.5,21.2,0.2,8741.7,💎 Categoría B: Ineficiencia Explotada (Gema)
2020,Matheus Pereira,Al-Hilal,70.4,27.8,18.0,54.5,💎 Categoría B: Ineficiencia Explotada (Gema)
2020,Weston McKennie,Juventus,70.3,19.4,21.9,-11.6,🟢 Categoría A: Tasación de Precisión
2020,Maxime Lopez,Sassuolo,70.0,19.2,2.5,669.2,💎 Categoría B: Ineficiencia Explotada (Gema)
2020,Ante Budimir,CA Osasuna,69.9,20.3,8.0,153.6,💎 Categoría B: Ineficiencia Explotada (Gema)
2020,Adama Soumaoro,Bologna,69.7,18.1,2.1,760.5,💎 Categoría B: Ineficiencia Explotada (Gema)
2020,Martin Ødegaard,Arsenal,69.5,14.3,35.0,-59.1,🔴 Categoría C: Riesgo de Sobreprecio (Burbuja)
2020,Matheus Cunha,Atlético,69.2,20.6,35.0,-41.0,🔴 Categoría C: Riesgo de Sobreprecio (Burbuja)
2020,Gaël Kakuta,Lens,69.2,18.1,5.0,261.0,💎 Categoría B: Ineficiencia Explotada (Gema)
2020,Victorien Angban,FK Sochi,69.1,14.7,4.1,258.0,💎 Categoría B: Ineficiencia Explotada (Gema)
2020,Ivan Ilić,Hellas Verona,68.8,17.3,7.5,130.8,💎 Categoría B: Ineficiencia Explotada (Gema)
2020,Felipe,Lazio,68.8,17.5,3.0,482.7,💎 Categoría B: Ineficiencia Explotada (Gema)
2020,Marlon,Shakhtar D.,68.6,16.5,12.0,37.3,💎 Categoría B: Ineficiencia Explotada (Gema)
2020,Jack Harrison,Leeds,68.3,23.9,12.8,86.7,💎 Categoría B: Ineficiencia Explotada (Gema)
2020,Saïd Benrahma,West Ham,68.2,19.5,23.1,-15.8,🟠 Ligero Sobreprecio
2020,Kevin Möhwald,Union Berlin,67.9,15.3,1.0,1433.0,💎 Categoría B: Ineficiencia Explotada (Gema)
2020,Takehiro Tomiyasu,Arsenal,67.9,17.6,18.6,-5.4,🟢 Categoría A: Tasación de Precisión
2020,Felipe Caicedo,Genoa,67.5,10.4,2.0,419.5,💎 Categoría B: Ineficiencia Explotada (Gema)
2020,Ben White,Arsenal,67.3,20.8,58.5,-64.5,🔴 Categoría C: Riesgo de Sobreprecio (Burbuja)
2021,Bruno Guimarães,Newcastle,90.6,74.5,42.1,77.0,💎 Categoría B: Ineficiencia Explotada (Gema)
2021,Aurélien Tchouaméni,Real Madrid,90.2,86.4,80.0,8.0,🟢 Categoría A: Tasación de Precisión
2021,Casemiro,Man Utd,90.2,96.9,70.7,37.1,💎 Categoría B: Ineficiencia Explotada (Gema)
2021,Remo Freuler,Nott'm Forest,88.8,86.3,8.3,939.5,💎 Categoría B: Ineficiencia Explotada (Gema)
2021,Fabián Ruiz Peña,PSG,87.9,80.9,22.5,259.5,💎 Categoría B: Ineficiencia Explotada (Gema)
2021,Cheick Doucouré,Crystal Palace,86.8,68.9,22.6,204.9,💎 Categoría B: Ineficiencia Explotada (Gema)
2021,Erling Haaland,Man City,86.5,76.0,60.0,26.8,🔵 Negocio Favorable (Leve Gema)
2021,Konstantinos Mavropanos,Stuttgart,86.2,73.6,3.2,2200.9,💎 Categoría B: Ineficiencia Explotada (Gema)
2021,Idrissa Gana Gueye,Everton,84.5,49.1,4.0,1126.5,💎 Categoría B: Ineficiencia Explotada (Gema)
2021,Raheem Sterling,Chelsea,84.3,77.3,56.2,37.5,💎 Categoría B: Ineficiencia Explotada (Gema)
2021,Renato Sanches,PSG,84.2,48.1,15.0,220.7,💎 Categoría B: Ineficiencia Explotada (Gema)
2021,Hiroki Ito,Stuttgart,83.8,59.4,0.4,14737.5,💎 Categoría B: Ineficiencia Explotada (Gema)
2021,Nico Schlotterbeck,Dortmund,83.3,60.5,20.0,202.3,💎 Categoría B: Ineficiencia Explotada (Gema)
2021,Jean Onana,Lens,81.9,41.9,4.0,947.5,💎 Categoría B: Ineficiencia Explotada (Gema)
2021,David Raum,Leipzig,81.1,51.6,26.0,98.5,💎 Categoría B: Ineficiencia Explotada (Gema)
2021,Salis Abdul Samed,Lens,81.0,42.7,5.0,754.4,💎 Categoría B: Ineficiencia Explotada (Gema)
2021,Gianluca Caprari,Hellas Verona,80.8,56.4,5.0,1028.6,💎 Categoría B: Ineficiencia Explotada (Gema)
2021,Luis Díaz,Liverpool,80.4,34.1,49.0,-30.4,🟠 Ligero Sobreprecio
2021,Yves Bissouma,Tottenham,80.0,51.2,29.2,75.5,💎 Categoría B: Ineficiencia Explotada (Gema)
2021,Oriol Romeu,Girona,79.4,54.1,5.5,882.9,💎 Categoría B: Ineficiencia Explotada (Gema)
2021,Giulian Biancone,Nott'm Forest,79.3,36.0,10.0,260.0,💎 Categoría B: Ineficiencia Explotada (Gema)
2021,Jonathan Clauss,Marseille,78.8,38.2,7.5,409.7,💎 Categoría B: Ineficiencia Explotada (Gema)
2021,Hassane Kamara,Udinese,78.4,41.3,19.0,117.2,💎 Categoría B: Ineficiencia Explotada (Gema)
2021,Hassane Kamara,Watford,78.4,41.3,4.0,931.8,💎 Categoría B: Ineficiencia Explotada (Gema)
2021,Johan Vásquez,Genoa,77.9,38.1,3.5,988.3,💎 Categoría B: Ineficiencia Explotada (Gema)
2021,Gabriel Jesus,Arsenal,77.3,44.1,52.2,-15.5,🟠 Ligero Sobreprecio
2021,Manuel Akanji,Man City,77.0,35.3,20.0,76.6,💎 Categoría B: Ineficiencia Explotada (Gema)
2021,Kalvin Phillips,Man City,77.0,37.6,49.0,-23.3,🟠 Ligero Sobreprecio
2021,Jordan Veretout,Marseille,76.9,36.0,12.4,189.6,💎 Categoría B: Ineficiencia Explotada (Gema)
2021,Filip Kostić,Juventus,76.8,36.1,14.7,145.7,💎 Categoría B: Ineficiencia Explotada (Gema)
2021,Marc Cucurella,Chelsea,76.8,44.5,65.3,-31.9,🟠 Ligero Sobreprecio
2021,Andre-Frank Zambo Anguissa,Napoli,76.6,33.4,16.0,108.9,💎 Categoría B: Ineficiencia Explotada (Gema)
2021,Zeki Çelik,Roma,76.5,30.7,7.4,314.6,💎 Categoría B: Ineficiencia Explotada (Gema)
2021,Nayef Aguerd,West Ham,76.5,30.8,35.0,-11.9,🟢 Categoría A: Tasación de Precisión
2021,Rodrigo Bentancur,Tottenham,76.1,28.7,19.0,50.8,💎 Categoría B: Ineficiencia Explotada (Gema)
2021,Luan Peres Petroni,Fenerbahçe,75.8,28.9,5.2,452.6,💎 Categoría B: Ineficiencia Explotada (Gema)
2021,Moussa Niakhate,Nott'm Forest,75.7,33.2,13.8,140.3,💎 Categoría B: Ineficiencia Explotada (Gema)
2021,Salih Özcan,Dortmund,75.5,32.3,5.0,546.4,💎 Categoría B: Ineficiencia Explotada (Gema)
2021,Reinildo Mandava,Atlético,75.1,23.3,3.0,676.7,💎 Categoría B: Ineficiencia Explotada (Gema)
2021,Lucas Torreira,Galatasaray,74.5,29.4,6.0,389.7,💎 Categoría B: Ineficiencia Explotada (Gema)
2021,Diego Carlos,Aston Villa,74.3,31.3,31.0,1.0,🟢 Categoría A: Tasación de Precisión
2021,Lucas Paquetá,West Ham,73.7,27.5,43.0,-35.9,🟠 Ligero Sobreprecio
2021,Amine Gouiri,Stade Rennais,73.6,27.5,28.0,-1.8,🟢 Categoría A: Tasación de Precisión
2021,Sadio Mané,Bayern Munich,73.6,37.4,32.0,17.0,🔵 Negocio Favorable (Leve Gema)
2021,Samuele Ricci,Torino,73.3,24.1,10.8,123.1,💎 Categoría B: Ineficiencia Explotada (Gema)
2021,Igor,Ludogorets,73.2,26.1,1.3,1876.5,💎 Categoría B: Ineficiencia Explotada (Gema)
2021,Arthur Theate,Stade Rennais,73.2,26.5,19.0,39.7,💎 Categoría B: Ineficiencia Explotada (Gema)
2021,Arthur Theate,Bologna,73.2,26.5,6.8,293.2,💎 Categoría B: Ineficiencia Explotada (Gema)
2021,Mattéo Guendouzi,Marseille,72.7,24.3,11.0,120.8,💎 Categoría B: Ineficiencia Explotada (Gema)
2021,Jules Koundé,Barcelona,72.2,25.6,50.0,-48.7,🔴 Categoría C: Riesgo de Sobreprecio (Burbuja)
2021,Sofiane Diop,Nice,72.2,22.0,22.0,-0.2,🟢 Categoría A: Tasación de Precisión
2021,Thomas Monconduit,Saint-Étienne,72.1,20.6,0.5,4010.0,💎 Categoría B: Ineficiencia Explotada (Gema)
2021,Jimmy Cabot,Lens,72.0,19.5,2.0,873.0,💎 Categoría B: Ineficiencia Explotada (Gema)
2021,Cristian Romero,Tottenham,72.0,25.6,53.8,-52.4,🔴 Categoría C: Riesgo de Sobreprecio (Burbuja)
2021,Petar Stojanović,FC Empoli,71.9,25.0,1.2,1983.3,💎 Categoría B: Ineficiencia Explotada (Gema)
2021,Philippe Coutinho,Aston Villa,71.2,24.9,20.0,24.8,🔵 Negocio Favorable (Leve Gema)
2021,Nicolò Casale,Lazio,71.2,23.1,8.0,188.4,💎 Categoría B: Ineficiencia Explotada (Gema)
2021,Raphinha,Barcelona,71.1,30.9,58.0,-46.8,🔴 Categoría C: Riesgo de Sobreprecio (Burbuja)
2021,Duje Ćaleta-Car,Southampton,71.1,18.1,8.0,125.6,💎 Categoría B: Ineficiencia Explotada (Gema)
2021,Emerson,West Ham,71.0,25.5,15.4,65.8,💎 Categoría B: Ineficiencia Explotada (Gema)
2021,Rafael Czichos,Chicago,70.9,19.0,0.5,4073.6,💎 Categoría B: Ineficiencia Explotada (Gema)
2021,Romain Faivre,Lyon,70.9,19.2,15.0,27.7,🔵 Negocio Favorable (Leve Gema)
2021,Brais Méndez,Real Sociedad,70.7,23.9,14.0,70.4,💎 Categoría B: Ineficiencia Explotada (Gema)
2021,Max Kruse,Wolfsburg,70.5,20.1,5.0,302.8,💎 Categoría B: Ineficiencia Explotada (Gema)
2021,Rubén Alcaraz,Cádiz CF,70.5,17.8,1.0,1684.0,💎 Categoría B: Ineficiencia Explotada (Gema)
2021,Pierre Lees-Melou,Stade Brestois,70.1,23.6,2.3,927.0,💎 Categoría B: Ineficiencia Explotada (Gema)
2021,Dominik Kohr,Mainz,70.1,18.7,1.5,1148.0,💎 Categoría B: Ineficiencia Explotada (Gema)
2021,Denis Zakaria,Juventus,69.7,17.6,11.3,54.8,💎 Categoría B: Ineficiencia Explotada (Gema)
