Player,Squad,Pos,PosAdj,Rol_Ideal,Rating_Final,R_FW_ST,R_FW_WG,R_FW_SS,R_DC,R_LB_OFF
Kevin De Bruyne,Manchester City,MF,MF,AM,95.79,92.55000000000003,88.80000000000001,95.71200000000002,21.985,75.9825
Jack Grealish,Aston Villa,FWMF,AM,AM,93.51249999999999,84.74499999999999,80.25049999999999,90.089,54.44999999999999,77.505
Trent Alexander-Arnold,Liverpool,DF,DF,LB_OFF,92.5125,82.2,82.25200000000001,90.945,42.99000000000001,92.5125
Bruno Fernandes,Manchester Utd,MF,MF,AM,92.47000000000001,92.35000000000002,79.207,89.827,27.269999999999996,70.13499999999999
Thiago Alcántara,Liverpool,MF,MF,MC_EST,91.71000000000001,59.150000000000006,61.22349999999999,71.73199999999999,67.41000000000001,76.05
Gareth Bale,Tottenham,FW,FW,FW_SS,89.705,86.01999999999998,84.32,89.705,82.38499999999999,89.70750000000001
Mason Mount,Chelsea,MF,MF,AM,88.4975,87.25999999999999,81.7615,89.36399999999999,31.26,69.03
İlkay Gündoğan,Manchester City,MF,MF,AM,86.68249999999998,88.31749999999998,80.59849999999999,88.43800000000002,37.37499999999999,61.467499999999994
João Cancelo,Manchester City,DFMF,DM,LB_OFF,85.99249999999999,83.34500000000001,82.9515,91.737,59.48,85.99249999999999
Hakim Ziyech,Chelsea,MFFW,AM,AM,85.51500000000001,60.715,65.5835,76.92499999999998,47.41,81.635
Martin Ødegaard,Arsenal,MF,MF,AM,85.03249999999998,75.77500000000002,72.9605,81.76299999999999,13.814999999999998,58.1775
Rodri,Manchester City,MF,MF,MC_EST,84.805,63.7025,58.06549999999999,65.904,78.33999999999999,71.63999999999999
Dani Ceballos,Arsenal,MF,MF,MC_EST,84.52,52.225,57.70699999999999,67.53899999999999,58.555,82.06
Fred,Manchester Utd,MF,MF,MC_EST,84.50999999999999,55.45250000000001,54.3405,62.94799999999999,62.550000000000004,70.2475
Raphinha,Leeds United,MFFW,AM,AM,84.45499999999998,75.7375,75.98899999999999,82.08800000000002,53.83499999999999,79.4475
Ahmed Elmohamady,Aston Villa,DF,DF,LB_OFF,84.34999999999998,59.9075,58.107,70.714,63.99499999999999,84.34999999999998
Alex Telles,Manchester Utd,DF,DF,LB_OFF,84.16499999999999,50.9125,56.23299999999999,69.89,53.260000000000005,84.16499999999999
James Maddison,Leicester City,MF,MF,AM,83.46999999999998,84.9775,78.41699999999999,85.51300000000002,9.114999999999998,56.395
Sadio Mané,Liverpool,FW,FW,FW_SS,83.196,74.75249999999998,76.50949999999999,83.196,55.56999999999999,85.045
Mohamed Salah,Liverpool,FW,FW,FW_ST,82.93750000000001,82.93750000000001,70.645,82.07100000000001,34.135000000000005,69.59749999999998
Marc Albrighton,Leicester City,DFFW,MF,AM,82.53999999999999,71.135,75.1045,80.315,35.230000000000004,71.52
Xherdan Shaqiri,Liverpool,MFFW,AM,AM,82.41499999999998,43.09,46.92549999999999,63.918,46.945,80.6025
Rodrigo,Leeds United,MFFW,AM,AM,82.25749999999998,86.04,71.726,81.31400000000001,57.23,62.8175
Tom Cairney,Fulham,MF,MF,AM,82.23249999999999,71.17500000000001,75.8925,80.55900000000001,30.185,66.165
Nemanja Matić,Manchester Utd,MF,MF,MC_EST,81.875,44.4475,44.71950000000001,50.48599999999999,74.10000000000001,70.2025
Jorginho,Chelsea,MF,MF,MC_EST,81.605,53.025000000000006,42.397,58.249,68.485,68.2375
Mateusz Klich,Leeds United,MF,MF,AM,81.345,76.55499999999999,63.353,77.01100000000001,29.365,60.207499999999996
Liam Cooper,Leeds United,DF,DF,LB_DEF,81.31,59.445,45.709,46.257000000000005,74.03500000000001,59.61
Ross Barkley,Aston Villa,MF,MF,AM,81.24,83.80250000000002,75.49,82.52499999999999,21.734999999999992,44.945
Fernandinho,Manchester City,MF,MF,MC_EST,81.065,48.5025,50.05899999999999,57.90700000000001,73.615,69.37
Luke Ayling,Leeds United,DF,DF,LB_OFF,80.90749999999998,59.31,64.48349999999999,70.608,51.190000000000005,80.90749999999998
Andrew Robertson,Liverpool,DF,DF,LB_OFF,80.7575,71.39,76.5485,85.706,33.42,80.7575
Mateo Kovačić,Chelsea,MF,MF,MC_EST,80.545,48.34250000000001,51.58549999999999,60.87200000000001,48.714999999999996,65.6325
Youri Tielemans,Leicester City,MF,MF,AM,80.32,78.25000000000001,71.87349999999999,78.99400000000003,52.785000000000004,77.02249999999998
Harry Kane,Tottenham,FW,FW,FW_SS,80.143,79.10249999999998,72.34750000000001,80.143,52.505,71.36999999999999
Raheem Sterling,Manchester City,FW,FW,FW_SS,79.89600000000002,69.475,73.86749999999999,79.89600000000002,42.49999999999999,71.955
Rúben Neves,Wolves,MF,MF,MC_EST,79.49,63.5625,51.26049999999999,60.47899999999999,76.3,68.62499999999999
Riyad Mahrez,Manchester City,FW,FW,FW_SS,79.31999999999998,67.3225,70.33499999999998,79.31999999999998,54.92999999999999,81.985
Thomas Partey,Arsenal,MF,MF,MC_EST,79.23000000000002,46.135,45.49999999999999,49.014,68.05,61.575
Bernard,Everton,MFFW,AM,AM,79.17999999999999,52.957499999999996,60.49099999999999,69.524,58.025,80.515
Wilfred Ndidi,Leicester City,MFDF,DM,LB_DEF,78.88749999999999,48.57500000000001,40.40849999999999,44.69800000000001,78.1,54.4875
Luke Shaw,Manchester Utd,DF,DF,LB_OFF,78.36999999999999,67.6675,75.8355,83.888,35.25,78.36999999999999
Curtis Jones,Liverpool,MF,MF,AM,78.2075,77.8325,72.2695,77.36500000000001,43.019999999999996,64.3375
Reece James,Chelsea,DF,DF,LB_OFF,78.005,76.24499999999999,78.3625,85.53699999999999,43.25000000000001,78.005
Phil Foden,Manchester City,FWMF,AM,FW_SS,77.84700000000004,86.1175,76.42250000000001,77.84700000000004,55.629999999999995,60.0
Jordan Henderson,Liverpool,MFDF,DM,MC_DEF,77.14999999999999,62.60000000000001,51.14599999999999,60.535,63.20000000000001,66.445
James Rodríguez,Everton,FWMF,AM,AM,77.0025,63.71000000000001,61.37049999999999,71.318,59.99999999999999,75.32000000000001
César Azpilicueta,Chelsea,DF,DF,LB_OFF,76.38749999999999,66.41000000000003,62.784000000000006,73.788,48.754999999999995,76.38749999999999
Patrick van Aanholt,Crystal Palace,DF,DF,LB_OFF,76.36250000000001,64.8875,64.77799999999999,72.452,40.65,76.36250000000001
Matt Targett,Aston Villa,DF,DF,LB_OFF,76.11750000000002,51.2925,56.141,67.22,49.339999999999996,76.11750000000002
Joël Veltman,Brighton,DF,DF,LB_OFF,76.08000000000001,57.7025,64.833,70.558,46.945,76.08000000000001
Robin Koch,Leeds United,DFMF,DM,DC,75.72,38.70000000000001,26.439999999999998,27.221,75.72,44.79249999999999
Kelechi Iheanacho,Leicester City,FW,FW,FW_SS,75.399,70.6175,70.27649999999998,75.399,29.320000000000004,62.9175
Giovani Lo Celso,Tottenham,MF,MF,AM,75.38250000000001,79.07000000000001,61.24750000000001,71.30199999999999,40.24,60.894999999999996
Antonee Robinson,Fulham,DF,DF,LB_OFF,74.9825,54.7775,66.96299999999998,72.64099999999999,49.56499999999999,74.9825
Aaron Wan-Bissaka,Manchester Utd,DF,DF,LB_OFF,74.9275,64.63,70.06900000000002,75.136,44.190000000000005,74.9275
Marcus Rashford,Manchester Utd,FW,FW,FW_SS,74.926,62.364999999999995,70.496,74.926,50.28999999999999,71.2225
Conor Townsend,West Brom,DF,DF,LB_OFF,74.85,58.67,58.00249999999999,67.409,44.64999999999999,74.85
Diogo Jota,Liverpool,FW,FW,FW_ST,74.79,74.79,65.7805,67.12500000000001,48.31500000000001,67.09
Jack Harrison,Leeds United,MFFW,AM,AM,74.18249999999999,73.3575,62.63849999999999,69.56000000000002,52.864999999999995,66.66749999999999
Sergio Agüero,Manchester City,FW,FW,FW_SS,74.13400000000001,73.79500000000002,68.1925,74.13400000000001,22.23,52.9625
Oleksandr Zinchenko,Manchester City,DF,DF,LB_OFF,73.9425,55.434999999999995,56.099999999999994,67.30400000000002,50.54999999999999,73.9425
Pierre Højbjerg,Tottenham,MF,MF,MC_DEF,73.83000000000001,40.322500000000005,34.512499999999996,35.165,73.83,53.56999999999999
N'Golo Kanté,Chelsea,MF,MF,MC_DEF,73.81500000000001,32.195,39.682500000000005,42.048,67.395,56.55
Leandro Trossard,Brighton,MFFW,AM,AM,73.73249999999999,59.95,56.49,64.92600000000002,39.265,70.15249999999999
Eberechi Eze,Crystal Palace,MF,MF,AM,73.605,72.8625,73.64850000000001,76.025,17.760000000000005,52.815
Callum Hudson-Odoi,Chelsea,FWDF,FW,FW_SS,73.57,48.88,59.452,73.57,61.05,94.72
Michail Antonio,West Ham,FW,FW,FW_ST,73.38499999999999,73.38499999999999,65.39750000000001,66.32000000000001,34.39,48.8825
Matheus Pereira,West Brom,MFFW,AM,AM,73.36249999999998,66.50000000000001,58.64950000000001,69.545,55.010000000000005,69.80749999999999
Saïd Benrahma,West Ham,FWMF,AM,AM,73.3225,58.03999999999999,63.81549999999999,71.054,40.67499999999999,73.94749999999999
Fabinho,Liverpool,DFMF,DM,MC_DEF,72.6,27.7225,27.32,30.539000000000005,66.0,50.0175
Roberto Firmino,Liverpool,FW,FW,FW_SS,72.55099999999997,60.8875,63.306999999999995,72.55099999999997,45.725,71.9475
Matthew Lowton,Burnley,DF,DF,LB_OFF,72.33,49.83250000000001,58.520499999999984,67.35600000000001,45.324999999999996,72.33
Alireza Jahanbakhsh,Brighton,FWMF,AM,AM,72.1825,56.832499999999996,56.904,63.454,53.165,73.26749999999998
Vitinha,Wolves,MF,MF,AM,72.03749999999998,66.28999999999999,69.77899999999998,75.325,19.1,52.93249999999999
Wesley Fofana,Leicester City,DF,DF,LB_DEF,71.9525,39.040000000000006,40.29749999999999,43.13999999999999,70.935,60.72749999999999
Serge Aurier,Tottenham,DF,DF,LB_OFF,71.5975,79.32749999999999,77.95,81.91900000000003,39.94499999999999,71.5975
Naby Keïta,Liverpool,MF,MF,AM,71.51249999999999,57.14000000000001,54.2715,62.185,35.69,63.44499999999999
Vladimír Coufal,West Ham,DF,DF,LB_OFF,71.14,62.31750000000001,65.0265,74.09700000000001,38.565000000000005,71.14
Jesse Lingard,West Ham,MFFW,AM,FW_SS,70.87900000000002,72.73000000000002,64.58299999999998,70.87900000000002,23.474999999999998,58.25750000000001
James Milner,Liverpool,MFDF,DM,LB_OFF,70.68749999999999,50.00000000000001,52.83999999999998,62.48000000000002,56.655,70.68749999999999
Pascal Struijk,Leeds United,DFMF,DM,DC,70.64,43.5225,29.147000000000002,26.216,70.64,41.8375
Ben Chilwell,Chelsea,DF,DF,LB_OFF,70.615,90.2075,83.35699999999999,88.97000000000003,28.825000000000003,70.615
Aaron Cresswell,West Ham,DF,DF,LB_OFF,70.4225,50.97,55.88049999999999,68.927,33.745,70.4225
Ethan Ampadu,Sheffield Utd,DFMF,DM,DC,70.37500000000001,24.22,24.984499999999997,27.219,70.37500000000001,48.605
João Moutinho,Wolves,MF,MF,MC_EST,70.31,44.055000000000014,46.6735,55.98600000000001,62.894999999999996,71.97249999999998
Jonny Evans,Leicester City,DF,DF,DC,70.085,61.67249999999999,48.31749999999999,50.614000000000004,70.085,51.48749999999999
Son Heung-min,Tottenham,FW,FW,FW_SS,69.82600000000001,59.05500000000001,61.937,69.82600000000001,49.035,71.24
Joachim Andersen,Fulham,DF,DF,DC,69.495,52.3275,46.52000000000001,52.13500000000001,69.495,60.5475
Christian Pulisic,Chelsea,FWMF,AM,FW_SS,69.347,75.225,66.85750000000002,69.347,39.56999999999999,53.01499999999999
Oriol Romeu,Southampton,MF,MF,MC_DEF,69.31500000000001,41.59,39.73049999999999,44.19300000000001,61.15499999999999,56.71249999999999
Ademola Lookman,Fulham,FWMF,AM,AM,69.30250000000001,57.730000000000004,57.557500000000005,63.28200000000001,40.12000000000001,60.272499999999994
Filip Krovinović,West Brom,MF,MF,MC_EST,69.19,38.77,50.585499999999996,57.625,42.385000000000005,58.205
Stuart Armstrong,Southampton,MF,MF,AM,68.68999999999998,70.02,68.2745,69.94100000000002,22.055,57.805
John McGinn,Aston Villa,MF,MF,AM,68.62500000000001,63.98499999999999,64.0475,68.77799999999999,35.205,63.474999999999994
Harry Maguire,Manchester Utd,DF,DF,DC,68.54500000000002,70.57249999999999,55.501999999999995,59.614,68.54500000000002,64.5925
Solly March,Brighton,DFMF,DM,LB_OFF,68.52499999999999,79.4625,72.27099999999999,77.87000000000002,38.01,68.52499999999999
Anwar El Ghazi,Aston Villa,FW,FW,FW_SS,68.50600000000001,59.73750000000002,62.12599999999998,68.50600000000001,57.38999999999999,74.145
Pedro Neto,Wolves,FWMF,AM,AM,68.2725,62.934999999999995,66.5935,68.26,45.415,61.6475
Ricardo Pereira,Leicester City,DFFW,DF,LB_OFF,68.1425,62.05,70.91550000000001,77.239,30.790000000000003,68.1425
Yves Bissouma,Brighton,MF,MF,MC_DEF,68.0,32.17,36.18,34.74,75.39499999999998,49.855000000000004
Bernardo Silva,Manchester City,MFFW,AM,AM,67.7075,55.54750000000001,58.639500000000005,64.79700000000001,55.230000000000004,63.7025
Ashley Westwood,Burnley,MF,MF,AM,67.5925,48.11999999999999,46.6065,56.917,38.13,63.87499999999999
Kyle Walker,Manchester City,DF,DF,LB_OFF,67.445,51.607499999999995,62.085,66.79700000000001,42.105,67.445
Pascal Groß,Brighton,MFDF,DM,LB_OFF,67.40749999999998,81.75,69.13049999999998,83.863,28.13,67.40749999999998
Thiago Silva,Chelsea,DF,DF,DC,67.05499999999999,63.81250000000001,49.800999999999995,56.232000000000006,67.05499999999999,57.8425
James Justin,Leicester City,DF,DF,LB_OFF,67.01249999999999,82.33,78.36800000000001,84.181,31.62500000000001,67.01249999999999
Jannik Vestergaard,Southampton,DF,DF,DC,66.94000000000001,67.82749999999999,56.032999999999994,59.788,66.94000000000001,60.1975
Joe Bryan,Fulham,DFMF,DM,LB_OFF,66.7625,65.1675,67.37200000000001,67.52700000000002,51.14,66.7625
Harrison Reed,Fulham,MF,MF,MC_DEF,66.695,29.472500000000004,31.240999999999996,35.653,63.23999999999999,57.935
Anthony Martial,Manchester Utd,FW,FW,FW_SS,66.493,58.99500000000001,62.94149999999999,66.493,32.425,50.8
Matty Cash,Aston Villa,DF,DF,LB_OFF,66.3325,40.8025,52.792500000000004,59.323,47.474999999999994,66.3325
Granit Xhaka,Arsenal,MFDF,DM,MC_DEF,66.31,47.71000000000001,41.5975,49.291,53.895,56.26749999999999
Timothy Castagne,Leicester City,DF,DF,LB_OFF,66.27499999999999,69.8675,65.19649999999999,72.343,34.589999999999996,66.27499999999999
Christian Fuchs,Leicester City,DF,DF,DC,66.24499999999999,21.014999999999997,24.845,28.836,66.24499999999999,54.6825
Bukayo Saka,Arsenal,FWMF,AM,FW_SS,66.222,68.8875,63.42600000000001,66.222,43.52000000000001,60.6675
Sergio Reguilón,Tottenham,DF,DF,LB_OFF,66.05250000000001,60.527499999999996,64.839,69.84800000000001,30.410000000000004,66.05250000000001
Dele Alli,Tottenham,MF,MF,AM,65.85749999999999,63.4025,55.7855,61.05900000000001,38.1,57.394999999999996
Kenny Tete,Fulham,DFMF,DM,LB_OFF,65.725,46.12500000000001,45.776999999999994,54.52,62.31,65.725
Joe Rodon,Tottenham,DF,DF,DC,65.19000000000001,11.295000000000002,11.551499999999999,10.113,65.19000000000001,27.6175
Calum Chambers,Arsenal,DF,DF,LB_OFF,65.0025,65.90249999999999,60.2085,70.937,37.74,65.0025
Nathaniel Phillips,Liverpool,DF,DF,DC,64.6,57.37500000000001,43.741499999999995,48.913000000000025,64.6,48.2275
Martinelli,Arsenal,FW,FW,FW_SS,64.581,63.79,63.13899999999999,64.581,50.04999999999999,59.885
Diego Llorente,Leeds United,DF,DF,LB_DEF,64.4075,55.06500000000002,44.1515,44.008,58.410000000000004,44.655
Kalvin Phillips,Leeds United,MF,MF,MC_EST,64.235,36.765,40.99449999999999,46.96,73.08500000000001,61.9575
Gabriel Jesus,Manchester City,FW,FW,FW_SS,64.09700000000001,63.225,62.216499999999996,64.09700000000001,43.345,56.145
Ollie Watkins,Aston Villa,FW,FW,FW_ST,63.934999999999995,63.934999999999995,55.62949999999999,59.214,40.77499999999999,46.225
Willian,Arsenal,FW,FW,FW_SS,63.911,39.5,48.70550000000001,63.911,61.330000000000005,83.5675
Antonio Rüdiger,Chelsea,DF,DF,LB_DEF,63.572500000000005,59.785000000000004,51.709999999999994,54.663,61.93,60.105000000000004
Allan Saint-Maximin,Newcastle Utd,FWMF,AM,FW_WG,63.54800000000001,58.18000000000001,63.54800000000001,63.45600000000001,32.15999999999999,49.459999999999994
Romain Saïss,Wolves,DF,DF,LB_OFF,63.52499999999999,69.42999999999999,60.079499999999996,58.537,62.32999999999999,63.52499999999999
Alexandre Lacazette,Arsenal,FW,FW,FW_ST,63.4775,63.4775,53.2085,58.92100000000001,51.365,53.4
Cédric Soares,Arsenal,DF,DF,LB_OFF,63.39249999999999,55.032500000000006,64.199,70.554,19.429999999999996,63.39249999999999
Charlie Taylor,Burnley,DF,DF,LB_OFF,63.2325,38.9175,55.775,59.52000000000001,38.51000000000001,63.2325
Oliver Norwood,Sheffield Utd,MF,MF,MC_EST,63.19999999999999,27.377500000000005,28.683500000000002,38.43200000000001,62.285000000000004,62.42499999999999
Wilfried Zaha,Crystal Palace,FW,FW,FW_SS,62.845,48.654999999999994,57.30200000000001,62.845,38.364999999999995,67.3825
Kyle Walker-Peters,Southampton,DF,DF,LB_OFF,62.8275,58.684999999999995,65.9865,69.85799999999999,34.875000000000014,62.8275
Harvey Barnes,Leicester City,FWMF,AM,FW_WG,62.691500000000005,74.7775,62.691500000000005,61.511,40.21,38.39
Tosin Adarabioyo,Fulham,DF,DF,DC,62.69,34.904999999999994,32.167,32.71,62.69,37.02000000000001
Marcos Alonso,Chelsea,DF,DF,LB_OFF,62.59000000000001,93.2725,77.65599999999999,84.59400000000001,34.195,62.59000000000001
Jack Stephens,Southampton,DF,DF,LB_DEF,62.467499999999994,41.50500000000001,39.935,47.86000000000001,57.11,58.495
Lucas Digne,Everton,DFMF,DM,LB_OFF,62.425,54.955,50.84899999999999,60.288,54.33,62.425
Matt Doherty,Tottenham,DF,DF,LB_OFF,62.37,55.4075,58.740500000000004,64.455,50.94,62.37
Edinson Cavani,Manchester Utd,FW,FW,FW_ST,62.362500000000004,62.362500000000004,45.470000000000006,46.415000000000006,50.255,44.695
Arthur Masuaku,West Ham,DFMF,DM,LB_OFF,62.305,60.050000000000004,68.981,74.21600000000001,32.855,62.305
Érik Lamela,Tottenham,FWMF,AM,FW_SS,62.27500000000001,53.55,60.212999999999994,62.27500000000001,47.845,63.9475
Andreas Christensen,Chelsea,DF,DF,DC,62.27499999999999,32.415,40.68949999999999,45.833000000000006,62.27499999999999,51.582499999999996
Ainsley Maitland-Niles,Arsenal,MFDF,DM,LB_OFF,62.0325,37.487500000000004,53.84,52.84200000000001,46.68000000000001,62.0325
Stuart Dallas,Leeds United,MFDF,DM,LB_OFF,61.825,77.16000000000001,68.43999999999998,72.06600000000002,43.1,61.825
Nélson Semedo,Wolves,DFMF,DM,LB_OFF,61.769999999999996,60.160000000000004,62.6675,63.805,51.14,61.769999999999996
Enda Stevens,Sheffield Utd,DF,DF,LB_OFF,61.7425,55.1175,54.77400000000001,62.025,29.435000000000002,61.7425
James Ward-Prowse,Southampton,MF,MF,AM,61.732499999999995,67.93750000000001,54.3225,61.668000000000006,59.74499999999999,62.35249999999999
Jamie Vardy,Leicester City,FW,FW,FW_ST,61.69499999999999,61.69499999999999,45.895,47.69600000000002,32.65,25.854999999999997
Manuel Lanzini,West Ham,MFFW,AM,AM,61.57249999999999,49.372499999999995,46.567,56.40000000000001,60.379999999999995,59.625
André Gomes,Everton,MF,MF,MC_EST,61.405,40.660000000000004,44.706999999999994,48.99700000000001,47.769999999999996,56.38
Paul Pogba,Manchester Utd,MFFW,AM,AM,61.39,44.544999999999995,46.524499999999996,53.35200000000002,85.62,71.2325
Ola Aina,Fulham,DF,DF,LB_OFF,61.35500000000001,57.46250000000001,55.739000000000004,59.717000000000006,38.045,61.35500000000001
Declan Rice,West Ham,MF,MF,MC_DEF,61.185,52.2575,44.68000000000001,46.47500000000001,69.495,54.982499999999995
Tyrick Mitchell,Crystal Palace,DF,DF,LB_OFF,61.1075,52.29750000000001,52.072,52.56800000000001,34.455,61.1075
Michael Keane,Everton,DF,DF,DC,61.06,58.507500000000014,44.736000000000004,47.916000000000004,61.06,40.032500000000006
Lewis Dunk,Brighton,DF,DF,DC,61.045,64.335,50.0575,51.199,61.045,46.252500000000005
Ozan Kabak,Liverpool,DF,DF,LB_DEF,60.71750000000001,21.21,22.1275,19.608999999999998,56.62999999999999,38.18
Andre-Frank Zambo Anguissa,Fulham,MF,MF,MC_EST,60.565,49.23500000000001,55.038000000000004,55.72400000000001,55.540000000000006,62.192499999999995
Jan Bednarek,Southampton,DF,DF,DC,60.519999999999996,37.09,34.047,35.356,60.519999999999996,42.57
Harry Winks,Tottenham,MF,MF,MC_DEF,60.155,17.855,19.086999999999996,20.883999999999997,61.86,47.25
Ezgjan Alioski,Leeds United,DFMF,DM,LB_OFF,60.125,65.9825,56.713499999999996,64.248,43.464999999999996,60.125
Kieran Tierney,Arsenal,DF,DF,LB_OFF,60.012499999999996,60.7825,68.99349999999998,76.43600000000002,11.679999999999998,60.012499999999996
Dwight McNeil,Burnley,MF,MF,AM,60.01,54.43500000000001,60.053500000000014,62.044,29.665000000000003,53.779999999999994
Tyrone Mings,Aston Villa,DF,DF,DC,59.964999999999996,53.12750000000001,45.6775,43.915000000000006,59.964999999999996,45.2825
Nicolas Pépé,Arsenal,FW,FW,FW_ST,59.82000000000001,59.82000000000001,55.31699999999999,54.54,74.48,63.12500000000001
Adam Lallana,Brighton,MFFW,AM,AM,59.787499999999994,36.55499999999999,35.8665,47.853,66.44500000000001,64.635
Ryan Fredericks,West Ham,DFFW,DF,LB_OFF,59.74500000000001,68.83999999999997,73.00200000000001,78.47800000000001,25.81,59.74500000000001
Bertrand Traoré,Aston Villa,FW,FW,FW_SS,59.56700000000002,45.135,55.10649999999999,59.56700000000002,68.52,76.57
Patrick Bamford,Leeds United,FW,FW,FW_ST,59.31000000000002,59.31000000000002,40.816,39.671000000000014,38.07,24.83
Joël Matip,Liverpool,DF,DF,LB_DEF,59.2775,74.13250000000001,53.823499999999996,58.535000000000004,58.565000000000005,52.3475
Ferrán Torres,Manchester City,FWMF,AM,FW_WG,59.08899999999999,72.55999999999999,59.08899999999999,57.918,34.72,30.415
James Tarkowski,Burnley,DF,DF,DC,58.945,59.772500000000015,44.75600000000001,47.24100000000001,58.945,44.37750000000001
Tanguy Ndombele,Tottenham,MF,MF,AM,58.85000000000001,65.3075,65.6905,63.762,23.360000000000003,49.32749999999999
Dan Burn,Brighton,DF,DF,LB_OFF,58.8225,69.465,60.4375,64.245,50.64500000000001,58.8225
Kai Havertz,Chelsea,MFFW,AM,FW_SS,58.728,74.44750000000002,55.59150000000001,58.728,51.85,41.29249999999999
Mason Holgate,Everton,DF,DF,DC,58.61,44.98500000000001,45.11299999999999,47.232,58.61,55.10249999999999
Dara O'Shea,West Brom,DF,DF,DC,58.51,26.962500000000002,29.3985,33.855000000000004,58.51,47.19499999999999
Fabián Balbuena,West Ham,DF,DF,DC,58.455,39.87500000000001,28.169500000000003,25.653000000000006,58.455,34.3975
Yerry Mina,Everton,DF,DF,DC,58.4,48.63999999999999,30.657000000000004,26.488000000000003,58.4,26.7975
Ben Davies,Tottenham,DF,DF,LB_OFF,58.1975,41.475,48.86899999999999,56.33200000000001,35.85,58.1975
Kurt Zouma,Chelsea,DF,DF,DC,58.190000000000005,67.27000000000001,48.149,47.965,58.190000000000005,43.2375
Ayoze Pérez,Leicester City,MFFW,AM,FW_SS,58.186,58.74,55.467,58.186,37.294999999999995,56.88999999999999
Ben Johnson,West Ham,DFFW,DF,LB_OFF,58.029999999999994,62.52000000000001,59.391999999999996,63.248000000000005,25.719999999999995,58.029999999999994
Willy Boly,Wolves,DF,DF,DC,57.99999999999999,48.115,36.32450000000001,36.12500000000001,57.99999999999999,37.02749999999999
Rayan Aït Nouri,Wolves,DF,DF,LB_OFF,57.862500000000004,63.51000000000001,70.97200000000002,73.345,22.910000000000004,57.862500000000004
Luke Thomas,Leicester City,DF,DF,LB_OFF,57.7375,67.8625,62.988,66.925,27.605000000000004,57.7375
Jacob Murphy,Newcastle Utd,DFMF,DM,LB_OFF,57.37249999999999,74.92000000000003,71.21149999999997,73.63800000000002,25.9,57.37249999999999
Christian Benteke,Crystal Palace,FW,FW,FW_ST,57.28,57.28,47.09949999999999,44.351,49.305,39.972500000000004
Davinson Sánchez,Tottenham,DF,DF,DC,57.245000000000005,33.46000000000001,24.196,24.396000000000004,57.245000000000005,31.382500000000004
Okay Yokuşlu,West Brom,MF,MF,MC_DEF,56.97,34.767500000000005,25.660499999999992,24.142000000000003,75.725,45.504999999999995
Scott McTominay,Manchester Utd,MF,MF,MC_DEF,56.69500000000001,55.7375,45.992000000000004,41.651,66.505,47.6475
Juan Mata,Manchester Utd,FWMF,AM,FW_SS,56.614000000000004,52.275,43.901500000000006,56.614000000000004,45.765,46.89249999999999
James McArthur,Crystal Palace,MF,MF,MC_DEF,56.574999999999996,31.5925,24.8115,28.256999999999998,69.705,45.975
Tariq Lamptey,Brighton,DFMF,DM,LB_OFF,56.567499999999995,76.52750000000003,67.1185,69.09199999999998,25.954999999999995,56.567499999999995
Allan,Everton,MF,MF,MC_EST,55.89,20.6975,33.523500000000006,35.431,48.38999999999999,44.8225
Nathan Redmond,Southampton,MFFW,AM,AM,55.86999999999999,47.817499999999995,50.48699999999999,52.932,46.39000000000001,57.2375
Timo Werner,Chelsea,FWMF,AM,FW_SS,55.46400000000001,70.10000000000001,55.23349999999999,55.46400000000001,18.04,33.535
Mark Noble,West Ham,MF,MF,MC_DEF,55.425,16.032500000000002,18.281499999999998,20.834,49.434999999999995,45.075
Adam Webster,Brighton,DF,DF,LB_OFF,55.3425,56.472500000000004,49.456,52.42700000000001,52.529999999999994,55.3425
Emile Smith Rowe,Arsenal,MFFW,AM,AM,55.2875,43.929999999999986,43.20399999999999,52.62399999999999,48.205,49.19500000000001
Callum Wilson,Newcastle Utd,FW,FW,FW_ST,55.150000000000006,55.150000000000006,40.42999999999999,41.954,26.25,29.5725
Benjamin Mendy,Manchester City,DF,DF,LB_OFF,55.12499999999999,66.855,73.14900000000002,75.53399999999999,11.629999999999999,55.12499999999999
Rhys Williams,Liverpool,DF,DF,DC,54.97,52.4,39.70399999999999,46.58000000000001,54.97,42.10750000000001
Chris Basham,Sheffield Utd,DFMF,DM,DC,54.91000000000001,32.4925,33.647999999999996,30.139000000000003,54.91000000000001,38.00749999999999
Jeffrey Schlupp,Crystal Palace,MF,MF,AM,54.722500000000004,75.65,63.595,61.72100000000001,27.675000000000004,43.27250000000001
Dominic Calvert-Lewin,Everton,FW,FW,FW_ST,54.7075,54.7075,38.956999999999994,34.86400000000001,43.42,30.910000000000004
Çağlar Söyüncü,Leicester City,DF,DF,DC,54.67,41.6125,41.382999999999996,41.148,54.67,49.532499999999985
Matt Phillips,West Brom,MF,MF,AM,54.6125,67.15,60.47199999999999,60.31899999999999,18.810000000000002,38.772499999999994
Nampalys Mendy,Leicester City,MF,MF,MC_DEF,54.57,17.477500000000003,20.862,19.901999999999997,40.834999999999994,32.305
Dennis Praet,Leicester City,MF,MF,AM,54.44,62.47250000000001,57.35949999999999,58.19100000000001,12.87,43.2625
Jonjo Shelvey,Newcastle Utd,MF,MF,AM,54.2675,54.97500000000001,45.1945,50.889,55.495,54.26
Luka Milivojević,Crystal Palace,MF,MF,MC_EST,54.13999999999999,38.96750000000001,30.323999999999998,37.318000000000005,64.485,47.07249999999999
Daniel Amartey,Leicester City,DF,DF,LB_DEF,53.93000000000001,49.22500000000001,39.391499999999986,38.862,51.29500000000001,43.300000000000004
Gabriel Dos Santos,Arsenal,DF,DF,DC,53.620000000000005,50.269999999999996,44.704499999999996,40.691,53.620000000000005,46.58
Tammy Abraham,Chelsea,FW,FW,FW_ST,53.502500000000005,53.502500000000005,36.15899999999999,31.554000000000002,58.98499999999999,27.834999999999997
Ryan Bertrand,Southampton,DF,DF,LB_OFF,53.475,46.68,47.82999999999998,55.993,19.66,53.475
Fernando Marçal,Wolves,DFMF,DM,DC,53.470000000000006,23.43,27.0795,27.291000000000004,53.470000000000006,39.0425
Adama Traoré,Wolves,FWMF,AM,FW_SS,53.363,38.78,51.831500000000005,53.363,35.07,45.5575
Ben Mee,Burnley,DF,DF,DC,53.36,56.0125,35.461499999999994,32.650999999999996,53.36,28.554999999999996
Ciaran Clark,Newcastle Utd,DF,DF,DC,52.949999999999996,38.3275,33.532000000000004,30.976000000000006,52.949999999999996,29.124999999999996
Eric Bailly,Manchester Utd,DF,DF,DC,52.74000000000001,23.2875,25.101000000000006,24.48100000000001,52.74000000000001,43.94749999999999
Abdoulaye Doucouré,Everton,MF,MF,MC_DEF,52.70499999999999,62.48250000000001,47.519,50.976000000000006,56.644999999999996,44.2725
Aleksandar Mitrović,Fulham,FW,FW,FW_SS,52.608999999999995,51.8225,42.830499999999994,52.608999999999995,40.395,42.325
Joel Ward,Crystal Palace,DF,DF,LB_OFF,52.60499999999999,30.565000000000005,39.408999999999985,42.22700000000001,43.66,52.60499999999999
John Egan,Sheffield Utd,DF,DF,DC,52.455,31.605000000000004,26.496,28.63600000000001,52.455,34.425
Eric Dier,Tottenham,DF,DF,DC,52.440000000000005,35.5125,30.393,35.382,52.440000000000005,35.765
Daniel Podence,Wolves,MFFW,AM,FW_WG,52.432,43.015,52.432,51.28199999999999,39.559999999999995,52.4875
Tim Ream,Fulham,DF,DF,DC,52.410000000000004,11.6375,17.8925,18.881000000000004,52.410000000000004,40.205000000000005
Isaac Hayden,Newcastle Utd,MFDF,DM,DC,52.39,28.645000000000007,25.495,23.711000000000002,52.39,30.544999999999998
Michy Batshuayi,Crystal Palace,FW,FW,FW_SS,52.13899999999999,38.522499999999994,47.22149999999999,52.13899999999999,39.825,43.375
John Stones,Manchester City,DF,DF,LB_OFF,51.765,67.87,60.62650000000001,60.29700000000002,47.199999999999996,51.765
Ben Osborn,Sheffield Utd,MFDF,DM,LB_OFF,51.5975,61.4225,56.647999999999996,59.971000000000004,17.455000000000002,51.5975
Séamus Coleman,Everton,DFMF,DM,LB_OFF,51.477500000000006,54.15000000000001,54.279999999999994,57.531000000000006,39.755,51.477500000000006
Chris Wood,Burnley,FW,FW,FW_ST,51.285000000000004,51.285000000000004,36.7615,36.776,31.119999999999997,20.3275
Phil Jagielka,Sheffield Utd,DF,DF,DC,51.254999999999995,10.5975,10.872,9.764000000000001,51.254999999999995,24.81
Olivier Giroud,Chelsea,FW,FW,FW_ST,51.175,51.175,30.547499999999992,27.572000000000003,49.05,23.39
Danny Ings,Southampton,FW,FW,FW_SS,51.11600000000001,50.62999999999999,50.9145,51.11600000000001,38.77499999999999,51.26
Mohammed Salisu,Southampton,DF,DF,LB_DEF,51.0475,28.692500000000003,32.940000000000005,30.264000000000003,43.67999999999999,39.605000000000004
Andros Townsend,Crystal Palace,MFFW,AM,AM,51.03999999999999,29.074999999999996,38.00600000000001,43.31999999999999,58.20499999999999,72.8375
Danny Welbeck,Brighton,FW,FW,FW_ST,50.935,50.935,44.15149999999999,48.391,41.275,36.04
Mario Lemina,Fulham,MF,MF,MC_DEF,50.605,33.28750000000001,37.083999999999996,36.464999999999996,58.645,45.169999999999995
Marvelous Nakamba,Aston Villa,MF,MF,MC_DEF,50.54000000000002,13.865000000000002,15.077999999999996,11.927000000000003,54.65,27.8075
John Fleck,Sheffield Utd,MF,MF,AM,50.299999999999976,35.7125,43.92099999999999,48.281,28.104999999999997,50.73499999999999
Mohamed Elneny,Arsenal,MF,MF,MC_DEF,50.29,21.925,18.857999999999997,18.549999999999997,40.96,30.34
Romaine Sawyers,West Brom,MF,MF,MC_DEF,49.739999999999995,17.3375,15.487999999999998,16.002000000000002,55.64,35.84
Rob Holding,Arsenal,DF,DF,DC,49.64,38.472500000000004,33.9675,37.017,49.64,44.25
Victor Lindelöf,Manchester Utd,DF,DF,DC,49.519999999999996,38.48500000000001,33.364000000000004,38.572,49.519999999999996,43.6675
Pierre-Emerick Aubameyang,Arsenal,FW,FW,FW_ST,49.400000000000006,49.400000000000006,37.343999999999994,41.877,48.435,49.182500000000005
Joe Willock,Newcastle Utd,MF,MF,AM,49.36,74.185,67.906,61.356,38.394999999999996,48.485
Craig Dawson,West Ham,DF,DF,DC,49.295,53.61500000000001,32.351499999999994,27.877000000000006,49.295,18.105
Héctor Bellerín,Arsenal,DFMF,DM,LB_OFF,49.28249999999999,64.705,55.062,61.81300000000001,32.91499999999999,49.28249999999999
Ryan Fraser,Newcastle Utd,FWMF,AM,AM,49.28,32.5225,35.255500000000005,42.148999999999994,32.17999999999999,44.672499999999985
Rúben Dias,Manchester City,DF,DF,LB_OFF,49.267500000000005,49.970000000000006,44.178499999999985,44.32000000000001,47.160000000000004,49.267500000000005
Ibrahima Diallo,Southampton,MF,MF,MC_EST,49.2,29.552500000000002,33.89,33.75,40.79,42.1425
Kortney Hause,Aston Villa,DF,DF,DC,49.11499999999999,54.605,30.295000000000005,25.679000000000006,49.11499999999999,17.325
Jamal Lewis,Newcastle Utd,DF,DF,LB_OFF,49.06249999999999,39.28750000000001,47.85699999999999,53.781000000000006,20.615000000000002,49.06249999999999
David Luiz,Arsenal,DF,DF,DC,48.995000000000005,54.0175,47.89,52.530000000000015,48.995000000000005,48.667500000000004
Pablo Fornals,West Ham,FWMF,AM,AM,48.88249999999999,49.2925,39.467499999999994,43.60700000000001,62.845000000000006,62.675
Mason Greenwood,Manchester Utd,FW,FW,FW_WG,48.82299999999999,43.92750000000001,48.82299999999999,48.432,45.875,63.82
Douglas Luiz,Aston Villa,MF,MF,MC_EST,48.565,37.862500000000004,32.8205,34.51100000000001,58.295,44.467499999999994
Kieran Gibbs,West Brom,DF,DF,LB_OFF,48.3225,30.742500000000007,33.784000000000006,38.644000000000005,37.02000000000001,48.3225
Ben Godfrey,Everton,DF,DF,DC,48.14999999999999,29.415000000000003,34.436499999999995,32.633,48.14999999999999,36.16
Max Lowe,Sheffield Utd,DF,DF,LB_OFF,48.12500000000001,38.67250000000001,54.793,55.06,15.669999999999995,48.12500000000001
Matt Ritchie,Newcastle Utd,DFMF,DM,LB_OFF,47.91,45.870000000000005,49.415,57.605,28.754999999999995,47.91
Scott Dann,Crystal Palace,DF,DF,DC,47.8,40.55749999999999,31.213,27.539,47.8,28.55
Tom Davies,Everton,MF,MF,MC_DEF,47.70000000000001,21.6,26.941499999999994,28.002,53.085,41.0175
Fabian Schär,Newcastle Utd,DF,DF,LB_OFF,47.6625,48.45249999999999,41.61149999999999,44.43,44.85000000000001,47.6625
Toby Alderweireld,Tottenham,DF,DF,DC,47.505,46.300000000000004,42.1365,47.852000000000004,47.505,42.4925
Ki-Jana Hoever,Wolves,DFMF,DM,DC,47.42,30.1475,40.55799999999999,38.07300000000001,47.42,44.4375
Joe Gomez,Liverpool,DF,DF,DC,47.325,16.5625,24.356499999999997,25.788,47.325,43.625
Conor Coady,Wolves,DF,DF,DC,47.175,28.395000000000003,25.659500000000005,24.467000000000002,47.175,30.087499999999995
John Lundstram,Sheffield Utd,MF,MF,AM,46.93249999999999,47.245000000000005,41.60349999999998,47.647,32.56,38.77
David McGoldrick,Sheffield Utd,FWMF,AM,FW_WG,46.9125,54.94750000000001,46.9125,40.89500000000001,42.71,35.519999999999996
Ben White,Brighton,DFMF,DM,MC_DEF,46.685,24.599999999999998,29.3475,30.098,44.919999999999995,40.0325
Darnell Furlong,West Brom,DF,DF,LB_OFF,46.59,62.895,50.705499999999994,54.946000000000005,31.164999999999996,46.59
Jarrod Bowen,West Ham,FWMF,AM,FW_WG,46.456500000000005,60.61000000000001,46.456500000000005,44.72700000000001,40.15499999999999,40.365
Nathan Aké,Manchester City,DF,DF,LB_OFF,46.3025,51.0825,41.931999999999995,44.912000000000006,38.185,46.3025
Federico Fernández,Newcastle Utd,DF,DF,DC,46.26,30.53,30.794999999999998,32.367999999999995,46.26,31.0975
Aymeric Laporte,Manchester City,DF,DF,LB_OFF,46.2225,45.387499999999996,38.047,44.202999999999996,45.79,46.2225
Kyle Bartley,West Brom,DF,DF,DC,46.07999999999999,66.15249999999999,43.707499999999996,43.71000000000001,46.07999999999999,27.237499999999997
Gylfi Sigurðsson,Everton,MFFW,AM,AM,46.0775,45.03999999999999,34.08350000000001,44.81700000000001,61.89,55.5325
Ivan Cavaleiro,Fulham,FW,FW,FW_SS,45.975999999999985,29.3475,38.2365,45.975999999999985,59.89,69.4425
Neal Maupay,Brighton,FWMF,AM,FW_SS,45.742000000000004,63.89750000000001,44.382,45.742000000000004,21.904999999999998,24.462499999999995
Georginio Wijnaldum,Liverpool,MF,MF,AM,45.539999999999985,57.47750000000002,49.953,49.882000000000005,34.945,35.0225
Lucas Moura,Tottenham,FWMF,AM,AM,45.51999999999999,47.24500000000001,42.691500000000005,43.644,57.07,57.76
Richarlison,Everton,FW,FW,FW_WG,45.2445,38.339999999999996,45.2445,44.872,58.15,55.885
Alex Iwobi,Everton,FWMF,AM,AM,45.227499999999985,25.06500000000001,33.82249999999999,35.618,56.26,62.50250000000001
Jack Robinson,Sheffield Utd,DF,DF,LB_OFF,45.2125,54.865,51.19949999999999,53.49000000000001,40.19,45.2125
Erik Pieters,Burnley,DFMF,DM,DC,45.09,33.30000000000001,32.595,34.061,45.09,34.7
Raúl Jiménez,Wolves,FW,FW,FW_WG,45.05899999999999,39.455000000000005,45.05899999999999,41.476000000000006,63.394999999999996,56.07749999999999
Steven Alzate,Brighton,MF,MF,AM,45.02749999999999,54.550000000000004,49.788999999999994,50.458000000000006,32.165,32.6775
Che Adams,Southampton,FW,FW,FW_SS,44.641,43.62,39.0605,44.641,41.87499999999999,47.1975
Javier Manquillo,Newcastle Utd,DF,DF,LB_OFF,44.625,27.6925,33.2665,39.905,26.519999999999996,44.625
Pablo Marí,Arsenal,DF,DF,DC,44.595,17.6375,20.3115,20.731,44.595,28.437499999999996
Nathaniel Clyne,Crystal Palace,DF,DF,LB_OFF,44.5625,30.5375,35.69599999999999,38.92900000000001,20.52,44.5625
George Baldock,Sheffield Utd,DF,DF,LB_OFF,44.045,48.405,52.03350000000001,56.76200000000001,17.09,44.045
Max Kilman,Wolves,DF,DF,LB_OFF,43.745,40.57249999999999,38.7965,41.178999999999995,37.28,43.745
Alexis Mac Allister,Brighton,MFFW,AM,AM,43.54750000000001,30.310000000000002,29.294999999999995,38.08200000000001,48.785000000000004,46.22499999999999
Cheikhou Kouyaté,Crystal Palace,DF,DF,DC,43.535000000000004,33.9075,30.677,29.114,43.535000000000004,30.242500000000003
Kean Bryan,Sheffield Utd,DF,DF,DC,43.384999999999984,57.74,45.75299999999999,46.00600000000001,43.384999999999984,39.25000000000001
Callum Robinson,West Brom,FWMF,AM,FW_WG,43.04849999999998,47.595,43.04849999999998,38.29,30.07,28.919999999999998
Leander Dendoncker,Wolves,MFDF,DM,DC,43.004999999999995,63.9075,43.23850000000001,45.98,43.004999999999995,30.4825
Trézéguet,Aston Villa,FW,FW,FW_SS,42.949000000000005,38.575,41.3165,42.949000000000005,75.39499999999998,72.995
Joelinton,Newcastle Utd,FWMF,AM,FW_WG,42.31800000000001,50.982499999999995,42.31800000000001,37.519999999999996,45.76499999999999,29.16
Tomáš Souček,West Ham,MF,MF,MC_DEF,42.29500000000001,68.94000000000001,45.1835,42.952999999999996,60.934999999999995,38.4675
Semi Ajayi,West Brom,DF,DF,DC,42.12499999999999,53.877500000000005,43.828500000000005,41.46600000000001,42.12499999999999,31.777499999999996
Paul Dummett,Newcastle Utd,DF,DF,DC,41.87500000000001,42.97500000000001,39.6405,40.90900000000001,41.87500000000001,38.87499999999999
Mbaye Diagne,West Brom,FW,FW,FW_ST,41.775000000000006,41.775000000000006,31.578500000000002,28.105000000000004,38.045,26.525
Moussa Djenepo,Southampton,MF,MF,AM,41.38249999999999,53.865,54.894,50.71199999999999,26.02,37.565000000000005
Issa Diop,West Ham,DF,DF,DC,40.5,42.442499999999995,34.596000000000004,29.96400000000001,40.5,27.1575
Gary Cahill,Crystal Palace,DF,DF,DC,40.279999999999994,56.08499999999999,40.753499999999995,46.18700000000001,40.279999999999994,27.622500000000002
Jamie Shackleton,Leeds United,MFDF,DM,MC_DEF,40.19,32.78000000000001,31.442000000000004,34.641000000000005,28.225,31.114999999999995
Miguel Almirón,Newcastle Utd,MFFW,AM,FW_SS,40.145,31.7325,39.568999999999996,40.145,62.74000000000001,52.80499999999999
Jacob Ramsey,Aston Villa,MF,MF,AM,40.114999999999995,50.335,42.44,41.908000000000015,25.575,34.6225
Donny van de Beek,Manchester Utd,MFFW,AM,FW_WG,39.9195,38.125,39.9195,38.60600000000001,65.27999999999999,51.995000000000005
Moussa Sissoko,Tottenham,MF,MF,MC_DEF,39.89999999999999,21.7975,25.663,20.962000000000003,47.595,29.209999999999997
Hélder Costa,Leeds United,MFFW,AM,FW_WG,39.814,50.405,39.814,33.942,29.514999999999997,34.6925
Josh Brownhill,Burnley,MF,MF,MC_DEF,39.53999999999999,43.09250000000001,36.217,35.571999999999996,47.580000000000005,34.365
Japhet Tanganga,Tottenham,DF,DF,LB_OFF,39.347500000000004,44.167500000000004,39.8565,39.684000000000005,21.064999999999998,39.347500000000004
Sander Berge,Sheffield Utd,MF,MF,AM,39.1375,50.927499999999995,47.6025,48.36300000000001,36.14000000000001,33.8425
Kevin Long,Burnley,DF,DF,LB_DEF,38.8275,34.47250000000001,21.1585,21.025000000000002,38.75,22.61
Angelo Ogbonna,West Ham,DF,DF,DC,38.635,53.065000000000005,35.788,33.01300000000001,38.635,20.8775
Ezri Konsa,Aston Villa,DF,DF,DC,38.114999999999995,46.5075,31.0245,25.638000000000005,38.114999999999995,12.774999999999999
Nathan Tella,Southampton,FWMF,AM,FW_WG,37.67400000000001,37.307500000000005,37.67400000000001,33.254000000000005,10.944999999999999,22.4025
Josh Maja,Fulham,FW,FW,FW_ST,37.435,37.435,33.995,34.828,39.19,32.3
Matěj Vydra,Burnley,FW,FW,FW_ST,37.2125,37.2125,36.482,34.956,32.73,30.924999999999997
Steven Bergwijn,Tottenham,FWMF,AM,FW_WG,36.92250000000001,36.9875,36.92250000000001,36.468,37.03,30.4
Jayden Bogle,Sheffield Utd,DFMF,DM,LB_DEF,36.7925,64.765,53.368,45.476000000000006,35.495000000000005,33.762499999999996
Jóhann Berg Guðmundsson,Burnley,MF,MF,AM,36.78,55.557500000000026,46.806999999999995,42.752000000000024,30.944999999999993,33.22749999999999
Emil Krafth,Newcastle Utd,DF,DF,LB_OFF,35.985,48.19000000000001,50.626999999999995,51.23999999999999,28.935,35.985
Jamaal Lascelles,Newcastle Utd,DF,DF,DC,35.775,53.9025,36.7635,36.321,35.775,16.8125
James McCarthy,Crystal Palace,MF,MF,MC_DEF,35.745,14.67,15.036000000000001,16.61,54.60499999999999,38.012499999999996
Ruben Loftus-Cheek,Fulham,MFFW,AM,FW_WG,35.48599999999999,31.3125,35.48599999999999,33.365,48.55499999999999,38.699999999999996
Branislav Ivanović,West Brom,DF,DF,DC,35.184999999999995,30.690000000000005,20.786,21.089000000000002,35.184999999999995,13.712499999999999
Oliver McBurnie,Sheffield Utd,FW,FW,FW_SS,34.97600000000001,28.980000000000008,26.948999999999998,34.97600000000001,61.37,48.38750000000001
Sébastien Haller,West Ham,FW,FW,FW_ST,34.9275,34.9275,29.875,31.884000000000004,54.43,50.095
Takumi Minamino,Southampton,MF,MF,AM,34.6875,64.6125,42.4835,41.235,20.884999999999994,16.412499999999998
Jakub Moder,Brighton,DFMF,DM,LB_OFF,34.66,58.167500000000004,46.4775,47.24300000000001,10.3,34.66
Daniel James,Manchester Utd,FW,FW,FW_SS,34.462,31.145000000000003,31.5015,34.462,44.875,57.345000000000006
Ainsley Maitland-Niles,West Brom,MF,MF,AM,34.2775,36.2525,39.314499999999995,37.255,25.215,37.2525
Fábio Silva,Wolves,FW,FW,FW_ST,33.875,33.875,23.649999999999995,22.932000000000002,31.029999999999998,21.7125
Jaïro Riedewald,Crystal Palace,MF,MF,MC_DEF,33.56,31.530000000000005,22.811499999999995,21.820000000000004,43.535000000000004,22.9
Tyler Roberts,Leeds United,MFFW,AM,FW_SS,33.50800000000001,30.867500000000003,31.181499999999996,33.50800000000001,47.11500000000001,34.137499999999996
Jonny Castro,Wolves,MFDF,DM,DC,33.14,23.817499999999995,20.940999999999995,19.927,33.14,20.835
Ashley Barnes,Burnley,FW,FW,FW_SS,32.715,29.7425,25.875500000000002,32.715,47.364999999999995,38.1525
Robbie Brady,Burnley,MF,MF,AM,31.914999999999992,51.44750000000001,47.01,40.296,47.23,42.462500000000006
Sean Longstaff,Newcastle Utd,MF,MF,AM,31.542499999999997,42.96500000000001,35.48500000000001,36.022999999999996,34.36,29.79
Aaron Connolly,Brighton,FW,FW,FW_ST,30.827500000000004,30.827500000000004,24.5235,20.480000000000004,15.655000000000001,11.9225
Conor Gallagher,West Brom,MF,MF,MC_EST,30.67,40.26,38.88000000000001,36.438,38.92,36.23250000000001
Oliver Burke,Sheffield Utd,FW,FW,FW_SS,29.870999999999995,22.0325,25.790999999999997,29.870999999999995,34.220000000000006,29.5475
James Tomkins,Crystal Palace,DF,DF,DC,28.43,30.360000000000003,25.533500000000004,26.072,28.43,14.627500000000001
Dwight Gayle,Newcastle Utd,FWMF,AM,FW_WG,27.8385,54.715,27.8385,26.743,29.41,5.572500000000001
Jordan Ayew,Crystal Palace,FWMF,AM,FW_WG,27.7,24.33,27.7,23.528000000000002,38.00999999999999,33.39
Theo Walcott,Southampton,MFFW,AM,FW_WG,27.689499999999995,36.267500000000005,27.689499999999995,26.508000000000003,33.379999999999995,27.77
Billy Sharp,Sheffield Utd,FW,FW,FW_ST,27.45500000000001,27.45500000000001,19.627999999999997,19.766999999999996,8.95,9.5975
Bobby Reid,Fulham,MFFW,AM,FW_WG,26.4225,34.54750000000001,26.4225,24.608000000000004,52.849999999999994,33.68750000000001
Jack Cork,Burnley,MF,MF,MC_DEF,25.85,22.44,16.946999999999996,17.685,39.245,21.38
Jeff Hendrick,Newcastle Utd,MF,MF,AM,25.307499999999997,47.67750000000001,32.45799999999999,29.113000000000003,23.099999999999994,23.5125
Hal Robson-Kanu,West Brom,FW,FW,FW_WG,24.218,23.962500000000006,24.218,22.623000000000008,35.46,27.249999999999996
Jay Rodriguez,Burnley,FW,FW,FW_SS,23.325,22.1725,21.965,23.325,48.93,42.12249999999999
Willian José,Wolves,FW,FW,FW_SS,22.744,17.0225,18.784499999999998,22.744,49.605000000000004,26.22
Jake Livermore,West Brom,MF,MF,MC_DEF,22.355,15.975,11.143999999999997,9.600000000000001,39.839999999999996,19.557499999999997
Karlan Grant,West Brom,FWMF,AM,FW_WG,18.872499999999995,28.6275,18.872499999999995,14.903000000000004,24.869999999999997,7.219999999999999
Grady Diangana,West Brom,MFFW,AM,FW_WG,18.346500000000002,17.2975,18.346500000000002,15.145999999999999,56.875,38.5025
Rhian Brewster,Sheffield Utd,FWMF,AM,FW_WG,14.515999999999996,19.0975,14.515999999999996,12.971000000000002,20.274999999999995,19.914999999999996
Robert Snodgrass,West Brom,MFFW,AM,FW_SS,12.009000000000002,12.43,11.028999999999998,12.009000000000002,63.96,37.88
Martin Dúbravka,Newcastle Utd,GK,GK,N/A,0.0,40.92250000000001,34.27550000000001,34.80500000000001,47.295,45.26499999999999
Karl Darlow,Newcastle Utd,GK,GK,N/A,0.0,54.87500000000001,47.18499999999999,52.345,49.150000000000006,50.52999999999999
Alisson,Liverpool,GK,GK,N/A,0.0,69.46499999999999,66.07,66.01400000000001,71.225,70.08249999999998
Bernd Leno,Arsenal,GK,GK,N/A,0.0,48.18500000000001,40.372,39.79200000000001,42.650000000000006,44.967499999999994
Alphonse Areola,Fulham,GK,GK,N/A,0.0,43.675000000000004,37.837999999999994,42.37500000000001,45.86,43.53
Kasper Schmeichel,Leicester City,GK,GK,N/A,0.0,45.8975,45.154999999999994,46.969,39.855000000000004,44.05499999999999
Ederson,Manchester City,GK,GK,N/A,0.0,55.68000000000001,51.58,62.765,48.690000000000005,61.082499999999996
Illan Meslier,Leeds United,GK,GK,N/A,0.0,56.160000000000004,49.963,56.285000000000004,41.16,43.54
David de Gea,Manchester Utd,GK,GK,N/A,0.0,50.33,47.86,49.01800000000001,30.105,45.79
Dean Henderson,Manchester Utd,GK,GK,N/A,0.0,55.330000000000005,46.546,50.75000000000001,42.01,45.989999999999995
Edouard Mendy,Chelsea,GK,GK,N/A,0.0,40.255,37.913000000000004,38.68,36.36000000000001,43.19
Alex McCarthy,Southampton,GK,GK,N/A,0.0,46.06,47.9915,52.82399999999999,34.985,47.50499999999999
Fraser Forster,Southampton,GK,GK,N/A,0.0,40.2325,33.3635,32.725,50.74000000000001,34.96
Vicente Guaita,Crystal Palace,GK,GK,N/A,0.0,41.205000000000005,37.384,39.585,45.01,50.505
Aaron Ramsdale,Sheffield Utd,GK,GK,N/A,0.0,58.63250000000001,59.488499999999995,68.21800000000002,49.010000000000005,67.91499999999999
Jordan Pickford,Everton,GK,GK,N/A,0.0,59.22750000000001,52.9995,63.66,65.055,66.27999999999999
Robin Olsen,Everton,GK,GK,N/A,0.0,50.26250000000001,47.44949999999999,52.975,53.47500000000001,51.985
Kepa Arrizabalaga,Chelsea,GK,GK,N/A,0.0,47.4825,49.9295,56.43500000000001,27.34,55.525
Sam Johnstone,West Brom,GK,GK,N/A,0.0,51.84750000000001,48.376000000000005,55.605000000000004,49.58500000000001,60.934999999999995
Nick Pope,Burnley,GK,GK,N/A,0.0,57.712500000000006,55.09549999999999,66.68700000000001,60.72500000000001,76.8975
Hugo Lloris,Tottenham,GK,GK,N/A,0.0,46.77,40.111000000000004,42.08,32.665000000000006,40.714999999999996
Mathew Ryan,Brighton,GK,GK,N/A,0.0,38.9125,34.5275,34.205000000000005,44.85,34.875
Emiliano Martínez,Aston Villa,GK,GK,N/A,0.0,55.99000000000001,51.23999999999999,62.96999999999999,54.43,65.33000000000001
Robert Sánchez,Brighton,GK,GK,N/A,0.0,53.867500000000014,48.429,53.07599999999999,61.470000000000006,66.99999999999999
Łukasz Fabiański,West Ham,GK,GK,N/A,0.0,42.475,39.9545,42.69,52.7,53.44
Rui Patrício,Wolves,GK,GK,N/A,0.0,42.0075,36.252,37.755,31.49,36.815000000000005
